iid_caracteristica,vnombre_caracteristica,iid_creado_por
1,ROSADA LAMINAS PARA MORDIDAS (PEQUEÑOS),54
2,"# 10, 21MM (6 UNID)",54
3,"# 10, 28MM (6 UNID)",54
4,"# 15, 21MM (6 UNID)",54
5,"# 15, 25MM (6 UNID)",54
6,"# 15-40, 21MM (6 UNID)",54
7,"# 15-40, 25MM (6 UNID)",54
8,"# 15-40, 28MM (6 UNID)",54
9,"# 15-40, 31MM (6 UNID)",54
10,"# 20, 21MM (6 UNID)",54
11,"# 20, 25MM (6 UNID)",54
12,"# 25, 21MM (6 unid)",54
13,"# 25, 25MM (6 UNID)",54
14,"# 30, 21MM (6 UNID)",54
15,"# 30, 25MM (6UNID)",54
16,"# 35, 21MM (6UNID)",54
17,"# 40, 21MM (6 UNID)",54
18,"# 45-80, 21MM (6 UNID)",54
19,"# 45-80, 25MM (6 UNID)",54
20,"# 45-80, 31MM (6 UNID)",54
21,"# 6, 21MM (6 UNID)",54
22,"# 6, 25MM (6 UNID)",54
23,"# 8, 21MM (6 UNID)",54
24,"# 8, 25MM (6 UNID)",54
25,0.5 MM,54
26,"1/8, 3.2 MM (100 UNID)",54
27,"3/16, 4.8MM (100 UNID)",54
28,"3/4 , 1.44 MB",54
29,COLEROS TRANSPARANTE X 50 unidades,54
30,"ACERO, ARCO, INF. #0.16 (10 UNID)",54
31,"ACERO, ARCO, INF. #0.16X0.16 (10 UNID)",54
32,"ACERO, ARCO, INF. #0.16X0.22 (10 UNID)",54
33,"ACERO, ARCO, SUP. #0.14 (10 UNID)",54
34,"ACERO, ARCO, SUP. #0.16 (10 UNID)",54
35,"ACERO, ARCO, SUP. #0.16X0.16 (10 UNID)",54
36,"ACERO, ARCO, SUP. #0.16X0.22 (10UNID)",54
37,"ACERO, BARRA 0.16X0.22 (10 UNID)",54
38,"REMALOY AZUL, BARRA 0.16X0.16",54
39,"ACERO, BARRA, TWIS FLEX 0.15",54
40,"ACERO, ROLLO 0.20MM, LIGADURA",54
41,"ACERO, ROLLO 01,00MM",54
42,ACRILICO,54
44,ADHESIVO PARA PROTESIS 2.4 ONZ. ORIGINAL,54
45,ADHESIVOS MICROBRUSH,54
46,AGUA DESTILADA CON CLORO 100CM3,54
47,"AHORRADOR, 40 W",54
48,"ALCALINAS, AA",54
49,"ALIACION DE PLATA, CAPSULAS GREEN 1 400 mg",54
50,"ALVOGIL, PARA ALVEOLITIS",54
51,AMARILLA EN BARRA,54
52,"ANTIBACTERIAL, 55X33, VARIOS COLORES (6 UNIDADES)",54
53,"AUTOPOLIMERIZABLE, MARFIL, POLVO 38G. Y LIQ. 4ML.",54
54,AZUL,54
55,"AZUL, CRISTAL",54
56,"BARRA, TRANSPARENTE, ORTODONCIA (5 UNID)",54
57,"BICOLOR 737, CAJA",54
58,"BOND, A4, 75 GM (50 UNIDADES).",54
59,"#10, 21MM (6UNID)",54
60,"#10, 25MM (6 UNID)",54
61,"#12-37, 25MM (6 UNID)",54
63,"#15-40, 25MM (6 UNID)",54
64,"#6, 21MM (6 UNID)",54
65,"#6, 25MM (6 UNID)",54
66,"#8, 21MM (6 UNID)",54
67,"#8, 25MM (6 UNID)",54
68,"CAJA, EXTRA FINO (x6 UNI)",54
69,"CAJA, FINO (x6 UNI)",54
70,CAJASX5000 26/6,54
71,"CARBON, AZUL, A4",54
72,"CARBON, NEGRO, A4",54
73,"CARTULINA, BEIGE",54
74,"CARTULINA, VARIOS COLORES",54
75,FERMIT-N SIYTEM ONLAY CAUCHO PARA PROVISIONAL  2.5,54
76,"CAUCHO, VARIOS COLORES 36 PIEZAS 6 x 6",54
77,"CAVIT, TEMPORARIA PARA CAVIDADES, 28 G.",54
78,CERVICAL,54
79,"COLGANTE, VARIOS COLORES",54
80,CON CERA 400 MTS.,54
81,CON TIRAS PARA OREJAS 50 Unid,54
84,"CUBRE ALIMENTOS, TUBO",54
85,"CUÑAS DE MADERA, FUNDA 100 UNID.",54
86,"CUÑAS DE MADERA, 100 UNID.",54
87,DE CAUCHO PARA PROFILAXIS (12 unid),54
88,DE INSTRUMENTAL CAJA (200 UNI),54
90,DESECHABLES (PROFILAXIS),54
91,"DIAMOND POLISH, JERINGA",54
92,"DOBLE, C/G, ADHERIR,20.41.262 SLOT 0.22 IZQ (10 U)",54
93,"DOBLE, CON GANCHO, SOLDAR, SLOT 0.18 UNIVERSAL 10",54
94,"DOBLE, C/G, SOLDAR,20.40.261 SLOT 0.22 DER 10 U",54
95,ELASTICO TRANSPARENTE,54
96,"ELASTICO, VARIOS COLORES",54
97,EN PESO ETIQUETAS,54
98,ENVASE 13 ML,54
99,EPSON LX 300,54
100,ESPEJOS BUCALES CAJA #4,54
101,"ESPIRAS ABIERTAS, 0.10X0.30 FT",54
102,ESPONJA VERDE SCOTCH,54
103,ESTERILIZADOS SIZE 6 AZUL,54
104,ESTERILIZADOS SIZE 7 1/2 VERDE,54
105,OPAL DAM FOTOCURADO SEMILIQUIDO EN JERINGA,54
107,"FOTOCURADO, A2, COMPULES, TPH",54
108,"FOTOCURADO, A3, COMPULES, TPH",54
109,"FOTOCURADO, A3.5, COMPULES, TPH",54
110,"FOTOCURADO, B1, COMPULES, TPH",54
111,"FOTOCURADO, B2, COMPULES, TPH",54
112,"FOTOCURADO, B3, COMPULES, TPH",54
113,"FOTOCURADO, C2, COMPULES, TPH",54
114,"FOTOCURADO, C4, COMPULES, TPH",54
115,FOTOCURADO TPH SPECTRUM STARTER KIT,54
116,"FOTOCURADO Z100, A2, JERINGA",54
117,"FOTOCURADO Z100, A3, JERINGA",54
118,"FOTOCURADO Z100, A3.5, JERINGA",54
119,"FOTOCURADO Z100, B1, JERINGA",54
120,"FOTOCURADO Z100, B2, JERINGA",54
121,"FOTOCURADO Z100, B3, JERINGA",54
122,"FOTOCURADO Z100, C2, JERINGA",54
123,"FOTOCURADO Z100, C4, JERINGA",54
124,"FOTOCURADO Z100, IR, JERINGA",54
125,"FOTOCURADO LIQUIDA Z350, A2,A3,A3.5,B1,B2,B",54
126,"FOTOCURADO, A1, JERINGA",54
127,"FOTOCURADO, A2, JERINGA",54
128,"FOTOCURADO, A3, JERINGA",54
129,"FOTOCURADO, A4, JERINGA",54
130,"FOTOCURADO, B1, JERINGA",54
131,"FOTOCURADO, OS, JERINGA",54
132,"FOTOCURADO, PN, JERINGA",54
133,"FOTOCURADO, TM, JERINGA",54
134,"FOTOCURADO, TN, JERINGA",54
135,FUNDAS 2 1/2 ONZAS,54
136,"# 1 A 6, 32MM (6 UNID)",54
137,"# 1, 28MM (6 UNID)",54
138,"# 2, 32MM ( 6 UNID)",54
139,# 3 A 32MM (6 UNID),54
140,GEL FRASCO 480 ML.,54
141,GEL GRABADOR DE ESMALTE JERINGA 2.5MM,54
142,GEL TOPICO AL 20% POMO 1 OZ,54
143,JERINGA 3ML.,54
144,GOTEROS,54
145,# 15 A 40.25MM (6 UNID),54
146,"# 15-40, 21MM (6 UNID)",54
147,"DYCAL HIDROXIDO DE CALCIO, COVITAL BASE 13G., CATA",54
148,HOJAS PARA BISTURI #15,54
149,"HP 45 DESKJET 710C,720C,51645 A NEGRO",54
150,"IONOMERO DE VIDRIO, UNIVERSAL POLVO 10GM. LIQ. ML",54
151,"IONOMERO VIDRIO LIQUIDO, COVITARIA, POLVO 9G., LIQ",54
152,"IONOMERO VIDRIO, FUJI IX, A3, POLVO 5GM.., LIQUIDO",54
153,VISCOSTAT CLEAR JERINGA,54
154,"LAVAPLATO, 250 GM.",54
155,"LEXMARK 70 12A1970, NEGRO",54
156,LIDOCAINA 2% E-8 CON VASO CONSTRICTOR CAJA CON 50,54
158,LIMPIADORA DE EQUIPOS,54
159,"LIQUIDA, JERINGA",54
160,LIQUIDO 7 AYUDAS FRASCO X 1 LITRO,54
161,"LIQUIDO AUTOPOLIMERIZABLE, GOTERO",54
162,LIQUIDO FRASCO 13 ML.,54
163,"LIQUIDO INPERMEABILIZANTE, JERINGA",54
164,LIQUIDO PARA SENSIBILIDAD DESPUES DEL BLANQUEAMIEN,54
165,LIQUIDO REVELADOR  Y FIJADOR 1LT (x2 UNI),54
166,"LIQUIDO, BLANCO",54
167,"LIQUIDO, BOTELLA 1 ONZA",54
168,"LIQUIDO, JERINGA 1.2ML",54
169,"LIQUIDO, JERINGA 10 ML.",54
170,"LIQUIDO, PARA MANO Y SOPORTES",54
171,"LIQUIDO, PISOS, GALON",54
172,"LIQUIDO,GALON 3750ML.",54
173,"MADERA, 2HB",54
174,"MANOS, BLANCO",54
175,"MARIPOSA, CAJA",54
176,ALGINMAX THE CHROMATIC ONE 453 G,54
177,MATERIAL DE IMPRESIÓN DE REGULAR TIPO II 450 ML.,54
178,MATERIAL DE IMPRESIÓN TIPO II 1 LB,54
179,MATERIAL PARA IMPRESIÓN 1 LB.,54
180,MECHAS DE PIOLA,54
181,"MEMBRETADAS, A4, 75GM. CLINICA (50 unidades)",54
182,"MEMBRETADO, OFICIIO, PAPEL BOND, BLANCO",54
183,"MEMO OFICIO, VARIOS CLORES",54
184,METALICA 4 MM.,54
185,METALICA EN ROLLO 0.0015 10 PIES,54
187,"METALICA, CAJA POR 1000",54
188,"METALICA, INF. # 14",54
189,"METALICA, INF. # 15",54
190,"METALICA, INF. # 16",54
191,"METALICA, INF. # 17",54
192,"METALICA, INF. # 18",54
193,"METALICA, INF. # 19",54
194,"METALICA, INF. # 20",54
195,"METALICA, INF. # 21",54
196,"METALICA, INF. # 22",54
197,"METALICA, INF. # 23",54
198,"METALICA, INF. # 24",54
199,"METALICA, INF. # 25",54
200,"METALICA, INF. # 26",54
201,"METALICA, INF. # 27",54
202,"METALICA, INF. # 28",54
203,"METALICA, INF. # 29",54
204,"METALICA, INF. # 30",54
205,"METALICA, INF. # 31",54
206,"METALICA, INF. # 32",54
207,"METALICA, SUP # 14",54
208,"METALICA, SUP # 15",54
209,"METALICA, SUP # 16",54
210,"METALICA, SUP # 17",54
211,"METALICA, SUP # 18",54
212,"METALICA, SUP # 19",54
213,"METALICA, SUP # 20",54
214,"METALICA, SUP # 21",54
215,"METALICA, SUP # 22",54
216,"METALICA, SUP # 23",54
217,"METALICA, SUP # 24",54
218,"METALICA, SUP # 25",54
219,"METALICA, SUP # 26",54
220,"METALICA, SUP # 27",54
221,"METALICA, SUP # 28",54
222,"METALICA, SUP # 29",54
223,"METALICA, SUP # 30",54
224,"METALICA, SUP # 31",54
225,"METALICA, SUP # 32",54
226,METALICAS,54
227,"METALICAS MF 449 L 0,05 X5 (CELESTE)",54
228,METALICO,54
230,METALICO INFERIOR  #4,54
231,METALICO INFERIOR  #6,54
232,"METALICO, 8 CM.",54
233,"METALICO, EXTRA ORAL",54
234,"METALICO, EXTRA ORAL, ROSADO",54
235,"METALICO, PARA SOLDADURA (FRASCO)",54
237,"MICROMMOTOR, CARBURO, REDONDA, H10",54
238,"MICROMMOTOR, CARBURO, REDONDA, HP-8",54
239,"MICROMMOTOR, CARBURO, REDONDA, O27",54
240,"MICROMOTOR, CARBURO, TRONCOCONICA#NTI-75",54
241,MOLDE 7 ML.,54
242,MOMIFICADOR DE CARIES 7ML.,54
243,MUEBLES FRASCO 1 LITRO,54
244,NEGRO 28 ML.,54
245,"NEGRO, 0.35ML.",54
246,"NEGRO, CRISTAL P/MEDIA",54
247,"NITI, ARCO, INF. # 0.12  (10 UNID)",54
248,"NITI, ARCO, INF. # 0.14 x 10 UNID",54
249,"NITI, ARCO, INF. # 0.16 x 10 UNID",54
250,"NITI, ARCO, INF. # 0.18 x 10 UNID",54
251,"NITI, ARCO, SUP. # 0.12 x 10 UNID",54
252,"NITI, ARCO, SUP. # 0.14 x 10 UNID",54
253,"NITI, ARCO, SUP. # 0.16 x 10 UNID",54
254,"NITI, ARCO, SUP. # 0.16X0.16 x 10 UNID",54
255,"NITI, ARCO, SUP. # 0.16X0.22 x 10 UNID",54
256,"NITI, ARCO, SUP. # 0.18 x 10 UNID",54
257,"NITI, CURVA SPEED, INF.. # 0.16 x 10 UNID",54
258,"NITI, CURVA SPEED, SUP. # 0.16 x 10 UNID",54
259,NO ESTERILES CAJA MEDIUM,54
260,NO ESTERILES CAJA SMALL,54
261,NO ESTERILES CAJA XSMALL,54
262,NOTITAS,54
263,"OCLUSAL, CAJA",54
265,"ORTHODONTIC, 6 GR.",54
266,PALITOS CON POLVORA PARA ENCENDER,54
267,PANASONIC KX-E500 E/E 708,54
268,"PAPEL ABSORBENTE, TABLETA, #45 (x 6UNI)",54
269,"PAPEL ABSORBENTE, TABLETA, #50 (x6 UNI)",54
270,"PAPEL ABSORBENTE, TABLETA, #55 (x6 UNI)",54
271,"PAPEL ABSORBENTE, TABLETA, #60 (x 6 UNI)",54
272,"PAPEL ABSORBENTE, TABLETA, #70 (x6 UNI)",54
273,"PAPEL ABSORBENTE, TABLETA, #80 (x6 UNI)",54
274,"PAPEL ABSORBENTE, TABLETAS, #15 (x6 UNI)",54
275,"PAPEL ABSORBENTE, TABLETAS, #20 (x6 UNI)",54
276,"PAPEL ABSORBENTE, TABLETAS, #25 (x6 UNI)",54
277,"PAPEL ABSORBENTE, TABLETAS, #30 (x6 UNI)",54
278,"PAPEL ABSORBENTE, TABLETAS, #35 (x6 UNI)",54
279,"PAPEL ABSORBENTE, TABLETAS, #40 (x6 UNI)",54
280,"PAPEL ABSORBENTE, TUBOS, #15 (180 UNI)",54
281,"PAPEL ABSORBENTE, TUBOS, #20 (180 unid)",54
282,"PAPEL ABSORBENTE, TUBOS, #25 (x180 unid)",54
283,"PAPEL ABSORBENTE, TUBOS, #30 (180 UNI)",54
284,"PAPEL ABSORBENTE, TUBOS, #35 (180 UNI)",54
285,"PAPEL ABSORBENTE, TUBOS, #40 (180 UNI)",54
286,"PAPEL ABSORBENTE, TUBOS, #45 (180 UNI)",54
287,"PAPEL ABSORBENTE, TUBOS, #50 (x6 UNI)",54
288,"PAPEL ABSORBENTE, TUBOS, #55 (x6 UNI)",54
289,"PAPEL ABSORBENTE, TUBOS, #60 (x6 UNI)",54
290,"PAPEL ABSORBENTE, TUBOS, #70 (x6 UNI)",54
291,"PAPEL ABSORBENTE, TUBOS, #80 (x6 UNI)",54
292,"PAPEL BOND OFICIO, GRANDE",54
293,"PAPEL BOND, PEQUEÑO",54
294,PAQUETE 200 UNIDADES,54
295,PAQUETE HOSPITALARIO 1 LB.,54
296,"PAQUETE, 24X24CM, 100 UNID",54
297,"PARA CARTELERA, VARIOS COLORES",54
298,PARA CONTROL DE SANGRADO 13ML.,54
299,PARA FLUOR (ADULTOS),54
300,PARA FLUOR (NIÑOS),54
301,PARA GRABAR PORCELANA JERINGA 9 %,54
302,CARBURO PARA CORTAR METAL DOBLE LADO (10 U),54
303,"PARA ORTODONCIA, PUENTES, CORONAS; CAJAS",54
304,"PARA PORCELANA, GRANO FINO",54
305,"PARA PORCELANA, GRANO GRUESO",54
306,PARA ROPA,54
307,"PARA ROPA, 250 GR.",54
308,SCARPULE CORTAS,54
309,SCARPULE LARGAS 0.40X35 27G (100 UNI),54
310,SCARPULLE CORTAS  (0.30X10) 30 G (100 UNI),54
311,SCARPULLE LARGAS (0.4X30) 27G (100 UNI),54
312,PARA SOPLETE 180 ML.,54
313,PARA SUMADORA,54
314,PARA VACUM 0.20 BLANDO,54
315,PARA VACUM 0.20 RIGIDO,54
316,PARA VACUM 0.40 RIGIDO,54
317,PARA VACUM 0.60 BLANDO,54
318,PARA VACUM 0.60 RIGIDO,54
319,PARA VACUM 150,54
320,"PASTA ADHESIVA RELY x ARC, A2, JERNGA 4.5G",54
321,"PASTA ADHESIVA RELY x ARC, A3, JERNGA 4.5G",54
322,"PASTA BASE 25 GM, ENDURECEDOR 4 ML, ADHESIVO 2ML,",54
323,PASTILLAS PARA INODORO,54
324,"PASTILLAS, 95 GM. VARIAS FRAGANCIAS",54
325,"PLASTICA PEQUEÑA, BLANCA",54
326,"PERIODICO, OFICIO 25 UNID",54
327,"PERIODONCIA, LIQUIDO, FRASCO 500ML",54
328,"PERLAS, VARIAS FRAGANCIAS",54
329,"PEROXIDO DE HIDROGENO AL 35%, PARA RECROMIA, JERIN",54
330,PH NEUTRO (BLANQUEAMIENTO) 50 ML.,54
331,PLASTICO,54
332,PLASTICO PENIPRECIBLES CAJA,54
334,PLASTICO TRANSPARENTE,54
335,"PLASTICO TRANSPARENTE, A4 100 UNID",54
336,PLASTICO Y METALICO,54
337,"PLASTICO, 1/8 x 3.18 MM.,",54
338,"PLASTICO, VARIOS COLORES",54
339,PLASTICOS PORTA DIENTES,54
340,PLASTICOS PORTA MUELITAS,54
341,POLVO,54
342,POLVO FRASCO,54
343,POLVO KILO,54
344,POLVO PARA MEZCLAR 30G. LIQ.12ML,54
345,"POLVO PARA MEZCLAR, OXIFOSFATO DE ZINC, AMARILLO C",54
346,"POLVO PARA MEZCLAR, OXIFOSFATO DE ZINC, BLANCO 32M",54
347,PQ JERINGA,54
348,PQ1 JERINGA,54
349,"PREFABRICADO FIBRA DE VIDRIO CYTEC, S1, FUNDA 10 U",54
350,PREFABRICADO TITANIUM KIT W6310 PASSIVE S1 REFILL,54
351,"PRIME Y BOND 2., 1 LIQUIDO 4ML.",54
352,PROFILAXIS POMO 50 G.,54
353,PULIDOR DE ACRILICO CAJA,54
354,CILINDRICA MEDIUM PARA PULIR ACRILICO,54
355,PULIDORES DE AMALGAME PARA MICROMOTOR,54
356,PULIDORES DE RESINA REDONDOS PARA TURBINAS,54
357,PULIDORES DE RESINA TRONCONICAS PARA TURBINA,54
358,PUNTA DE CERDA,54
359,PUNTA DE METAL,54
360,"REFORZADA, NEGRO, 59X76CM., 20 UNID.",54
361,REFORZADOS,54
362,REGULADOR,54
363,RETRACTOR DE TEJIDO # 00,54
364,"ROJO Y AZUL, 12 BLOQUES (144 UNID)",54
365,"ROJO, CRISTAL",54
366,"ROLLO 0.25MM, LIGADURA",54
367,ROLLO POR 100MTRS.,54
368,ROLLOS,54
369,ROLLOS (NO ESTERILIZADOS),54
370,ROSADA PARA MORDIDAS (GRANDES),54
371,SCANDONEST 2% ESPECIAL ANESTESICO LOCO-REGIONAL 1.,54
372,"SCANDONEST 3% SIN VASO CONSTRICTOR CAJA 1,8 ML",54
373,SEPARADORAS (80 UNIDADES),54
374,SILICOM,54
375,SILICOM ROTH SLOT 0.22 C/G,54
376,SILICOM ROTH SLOT 22 P# 11 S/G,54
377,SILICOM ROTH SLOT 22 P # 12 S/G,54
378,SILICOM ROTH SLOT 22 P # 13 C/G,54
379,SILICOM ROTH SLOT 22 P # 14 C/G,54
380,SILICOM ROTH SLOT 22 P # 15 C/G,54
381,SILICOM ROTH SLOT 22 P# 21 S/G,54
382,SILICOM ROTH SLOT 22 P # 22  S/G,54
383,SILICOM ROTH SLOT 22 P # 23 C/G,54
384,SILICOM ROTH SLOT 22 P # 24 C/G,54
385,SILICOM ROTH SLOT 22 P # 25 C/G,54
386,SILICOM ROTH SLOT 22 P # 31 S/G,54
387,SILICOM ROTH SLOT 22 P #  32 S/G,54
388,SILICOM ROTH SLOT 22 P # 33 C/G,54
389,SILICOM ROTH SLOT 22 P # 34 C/G,54
390,SILICOM ROTH SLOT 22 P # 35 C/G,54
391,SILICOM ROTH SLOT 22 P #41S/G,54
392,SILICOM ROTH SLOT 22 P # 42 S/G,54
393,SILICOM ROTH SLOT 22 P # 43 C/G,54
394,SILICOM ROTH SLOT 22 P # 44 C/G,54
395,SILICOM ROTH SLOT 22 P #45 C/G,54
396,"SIMPLE, S/G, ADHERIR,20.31.100 SLOT 0.18 UNIVERSAL",54
398,SPRAY TOPICO AL 20% FRASCO 50 MG,54
399,"Y DESINFECTANTE SPRITE, 325G.",54
400,"SPRITE, 360 GR.",54
401,"ANTIHONGOS PINO verde, NATURAL azul, 500 ML",54
402,"SPRITE, PARA AUTO, FRASCO 120 ML",54
403,"TABLETA, DE 10 A 40.21MM, JUEGO",54
404,"TOCADOR, MANOS, 125 GR., VARIAS FRAGANCIAS",54
405,"TOCADOR, MANOS, 800 ML",54
406,"TRANSPARENTE, SCOTCH",54
407,TRANSPARENTES,54
408,"TUBO, LIQUIDO",54
409,"TUBOS, #15 (120 UNI)",54
410,"TUBOS, #20 (120 unid )",54
411,"TUBOS, #25 (120 unid)",54
412,"TUBOS, #30 (120 UNI)",54
413,"TUBOS, #35 (120 UNI)",54
414,"TUBOS, #40 (120 UNI)",54
415,"TUBOS, #45 (x6 UNI)",54
416,"TUBOS, #50 (x6 UNI)",54
417,"TUBOS, #55 (x6 UNI)",54
418,"TUBOS, #60 (x6 UNI)",54
419,"TUBOS, #70 (x6 UNI)",54
420,"TUBOS, #80 (x6 UNI)",54
421,"TUBOS, CATALYSTI-BASE",54
422,"TURBINA, CARBURO,  CFT 3 REF (16003) (FRESA (56)",54
423,"TURBINA, CARBURO,  TRONCOCONICAS FRE-11 CFT2",54
424,"TURBINA, CARBURO, REDONDA  14",54
425,"TURBINA, CARBURO, REDONDA MEDIANA SSW FG4 FRE 13",54
426,"TURBINA, CARBURO, REDONDA GRANDE FRE-14 FG-6",54
427,"TURBINA, DIAMANTE,  LENTEJA #1051",54
428,"TURBINA, DIAMANTE,  LLAMA 1111",54
429,"TURBINA, DIAMANTE,  REDONDA PEQUEÑA",54
430,"TURBINA, DIAMANTE,  TRONCOCONICAS 2200",54
431,"TURBINA, DIAMANTE, CILINDRICA # 1090",54
432,"TURBINA 260 ML., PESADO PUTTY",54
433,"TUBO 90 ML., LIVIANO, KIT",54
434,"VARIOLINK II ESTHETIC CEMENTATION SYSTEM, KIT",54
435,VARIOS COLORES,54
436,"VARIOS COLORES SUPER SNAP, 1 CM, KIT",54
437,"VERDE, CRISTAL",54
438,"PAPEL ABSORBENTE, TUBO, # 15-40",54
441,METALICO EDGEWISE SLOT 22 S/G R 10.30.901,54
445,METALICO ROTH SLOT 22 C/G Y P R 10.10.979,54
452,AUTOCURADO COMPOSITA PERMASEAL SEALER Y BONDING,54
453,OPAL ESCENCE  BOOST Y ACTIVADOR,54
454,KETAC CEM 30 g POWDER 12ml LIQUID 1 MIXING PAD EAS,54
455,VITREBOND,54
458,PLASTICO VARIOS COLORES,54
459,WD-40,54
460,MANOS DOBLADAS EN Z 7352 (24 PAQUETES),54
461,MODELO ULM,54
462,NITI FLEX # 15-40 21 MM,54
463,NTI  #1,54
464,NTI # 2,54
465,NTI  # 3,54
466,"SIMPLE C/G, SOLDAR 20.30.130 SLOT 0.18 DER",54
467,SIMPLE C/G SOLDAR 20.30.160 SLOT 0.18 IZQUIERDO,54
468,DOBLE CON GANCHO ADHERIR 20-41-150,54
469,DOBLE C/G ADHERIR 20.41.261 SLOT 0.22 DER,54
470,DOBLE C/G SOLDAR 20.40.262 SLOT 0.22  IZQ,54
471,ACERO ARCO INF #14,54
472,ACERO ARCO SUP #18,54
473,ACERO ARCO INF #18,54
474,ROLLO PARA SOLDAR 0.5 MM,54
475,METALICO EDGEWISE SLOT 0.22 P # 13-33,54
476,"METALICO EDGEWISE SLOT 0.22 P # 14,15,24,25,34,35,",54
478,PAPEL HIGIENICO 71152 (4 ROLLOS),54
479,LUBRI SPRAY,54
481,SWISSTEC SL ETCHANT 25ML,54
482,AUTOCURADO COMPOSITA,54
483,GC LINING LC 1-1 PKG,54
484,CONDICIONADOR ACIDO 37 % (COND AC 37),54
485,GEL ETCH 126 33%,54
486,FOTOCURADO ULTRA-BLEND PLUS,54
487,FOTOCURADO Z100 I4 JERINGA,54
488,"PAQUETE 0,90x100",54
489,ESPEJOS BUCALES CAJA # 5,54
490,METALICAS MF 450 L 0.05x7(ROSADA),54
491,XYLESTINA AL 2% CAJA 1.7 ML 1:80.000 (50 UNI),54
492,XYLESTINA AL 2% CAJA 1.7 ML 1:25.000 (50 UNI),54
493,SCARPULE CORTAS 30 G x 21MM (100 UNI),54
494,TURBINA DIAMANTE REDONDA PEQUEÑA (1013),54
495,PERIODONCIA LIQUIDO FRASCO 473 ML,54
496,MICROBRUSH CAVIBRUSH,54
498,ESTERILIZADO 3-0 19mm,54
499,ESTERILIZADO 4-0,54
500,PERIAPICALES DV-58 (150 UNIDADES),54
501,PIEZA DE MANO CARBURO RED LARGA FRE 5 SSW HP 8,54
502,PIEZA DE MANO CARBURO LARGA FRE 19 SSW HP-10,54
503,TURBINA ALPHINA ARKANSAS ALARGADAS BLANCAS NTI-22,54
504,TURBINA ALPHINA ARKANSAS REDONDA,54
505,PIEZA DE MANO R CONO INVERTIDO,54
506,PIEZA DE MANO R TRANSMETALICA,54
507,PIEZA DE MANO R CILINDRICA NTI,54
508,PIEZA DE MANO R PUNTA REDONDA,54
509,TURBINA CONO INVERTIDO VORTEX MEDIANA 1033,54
510,TURBINA CONO INVERTIDO VORTEX GRANDE 1034,54
511,PIEZA DE MANO MANDRIL GRANDE,54
512,TURBINA DIAMANTE CILINDRICA CORTA 2143,54
513,TURBINA DIAMANTE TRONCOCONICA GRANDE 4230,54
514,TURBINA DIAMANTE TRONCOCONICA PUNTA REDONDA 4123,54
515,TURBINA DIAMANTE CONO INVERTIDO DOBLE 1045,54
516,TURBINA DIAMANTE TRONCOCONICA PUNTA LAPIZ 4114,54
517,TURBINA DIAMANTE PEQUEÑA 1012,54
518,TURBINA DIAMANTE CILINDRICA CUADRADA 3099,54
519,TURBINA DIAMANTE TRONCOCONICA LARGA 3195,54
520,TURBINA DIAMANTE TRONCOCONICA MEDIANA 2068,54
521,TURBINA DIAMANTE TRONCOCONICA PEQUEÑA 1063,54
522,TURBINA DIAMANTE CILINDRICA MEDIANA 3145,54
523,TURBINA CARBURO SSWFG1558 FRE-18 CILINDRICA RED PE,54
524,TURBINA CARBURO TRANSMETALICA DE HOJA,54
525,PIEDRA QUICKSTONE,54
526,ORTHODONCIA,54
527,MODELO,54
528,EXTRADURO SILKY ROCK,54
529,INDUSTRIAL,54
530,80o ANTISEPTICO,54
531,DESTILADA,54
532,ACRILICO RAPIDO LIQUIDO,54
533,TURBINA CARBURO SSWFG 700 FRE-15TRONCOCONICA PEQUE,54
534,ANTISEPTICO,54
535,AISLANTE,54
537,PARA TURBINA ONE-A-DAY,54
538,SCARPULE LARGAS 27G x 30 MM (100 UNI),54
539,PARA CIRUGIA AZUL,54
541,L-11 MM,54
542,INTERMAXILARES M6 ELASTIC 1/4 MEDIUM,54
543,INTERMAXILARES H4 ELASTIC 3/16 HEAVY,54
544,INTERMAXILARES H8 ELASTIC 5/16 HEAVY,54
545,TRIPLE C/G SOLDAR 20.10.611 SLOT 0.22 DER,54
546,TRIPE C/G SOLDAR 20.10.612 SLOT 0.22 IZQ,54
547,PARA BANDAS (2 unidades),54
550,"PAPEL ABSORBENTE, TUBO #45-80 (180 UNI)",54
552,FOTOCURADO TPH SPECTRUM TRIAL KIT 4 JERINGAS,54
553,PARA VACUM 0.20 RIGIDO OPACO,54
555,INSTRUMENTAL 200 UNID,54
556,"SINGLE FILM SIZE 0, (100 UNI) (NIÑOS)",54
557,DENTAL HTC,54
558,STERILIZATION POUCHES (100 UNI),54
559,PARA PULIR RESINA (GRANO GRUESO),54
560,PARA PULIR RESINA (GRANO MEDIO),54
561,PARA PULIR RESINA (GRANO FINO),54
562,PARA PULIR RESINA (GRANO SUPER FINO),54
563,BLANCAS MEDIANAS  43 X 47,54
564,MEMBRETADOS DR PAULO ARROBO,54
565,CONTINUO TROQUELADAS (50 unidades),54
566,CONTINUO TROQUELADAS CON COPIA (50 unidades),54
567,25 MM  XL,54
568,EYECTORES DE SALIVA,54
569,XXSHORT(PEDIATRICAS),54
570,PARA ESTERILIZAR (CONTROL A VAPOR),54
571,"FOTOCURADO Z100, A1, JERINGA",54
572,RASTRINGENT 2 (flavored 15ml),54
573,SILTRAX AS (9) (BRAIDED GINGIVAL CONTAINS 72 IN),54
574,EN ALGODON  (RACELLET 2),54
575,ACETATO (100UNI),54
577,TURBINA CARBURO TRONCOCONICA (cirugia) GRANDE ZEKR,54
578,MICROMOTOR DIAMANTE REDONDA PEQUEÑA,54
579,MICROMOTOR PTA CAUCHO PTA LAPIZ PEQ RA (verde),54
580,MICROMOTOR PTA CAUCHO PTA LAPIZ PEQ RA(BEI,54
581,MICROMOTOR PTA CAUCHO PTA DE LAPIZ PEQ RA (CAFE),54
582,MICROMOTOR PUNTA DE CAUCHO PUNTA DE LAPIZ GRANDE R,54
583,MICROMOTOR PUNTA DE CAUCHO PUNTA DE LAPIZ GRANDE R,54
584,TURBINA PTA CAUCHO PTA DE LAPIZ PEQ FG(VERDE),54
585,TURBINA PTA CAUCHO PTA DE LAPIZ PEQ FG(BEIGE),54
586,TURBINA PTA CAUCHO PTA DE LAPIZ PEQ FG(CAFE),54
587,PARA PULIR PIEDRA MONTADA CON MANDRIL,54
588,DE JERINGA TRIPLES,54
589,INTERDENTALES (VARIOS COLORES),54
590,"#1, 32MM",54
591,FOTOCURADO B2 JERINGA,54
592,TURBINA DIAMANTE CONO INVERTIDO GRANDE 1035,54
593,OPALESCENCE TOOTH WHITENING GEL 15% (X4 UNI),54
594,OPALESCENCE TOOTH WHITENING GEL 20% (X4 UNI),54
595,PARA VACUM 0.30 RIGIDO,54
596,LIMPION ABSORBENTE,54
597,LINGUAL PARA SOLDAR 30.10.105,54
598,METALICO EDGEWISE SLOT 22 P11/12-21/22R 10.30.202,54
599,LIQUIDO PEROXIDO DE HIDROGENO,54
600,NITI CURVA SPEED SUPERIOR 0.16x0.16,54
601,NITI CURVA SPEED INFERIOR 0.16x0.16,54
602,ROLLOS PEQUEÑOS DOBLE HOJA,54
603,RESPUESTO ESCOBA PLASTICA,54
604,"REMALOY CROZAT REDONDO 0,9",54
605,ETCHAT GEL 12g (verde),54
606,DOBLE SISED RED/BLACK,54
607,LINGUAL PARA ADHERIR SLOT 0.22 30.10.205,54
608,METALICO EDGEWISE SLOT 22 P 11/21 R 10.30.201,54
609,FINISHING & POLISHING DISKS,54
610,MATERIAL DE IMPRESION LIVIANO,54
611,MATERIAL DE IMPRESION PESADO,54
612,"5/16, 7.9MM (blue)",54
613,PROFILACTICOS,54
614,ESTERILIZADOS SIZE 7 1/2 AZUL,54
615,GUANTES ESTERILIZADOS SIZE 6 VERDE,54
616,LIP BUMPER,54
617,HALOGENOS FOTOCURADO 12V 75W JCR/M,54
618,HALOGENOS FOTOCURADO 21V-150W EKE,54
619,HALOGENO LAMPARA LUZ FRIA 82V-300W FHS,54
620,PARA BOTELLA DE AGUA DE TRIMODULAR,54
621,1/4 CELESTE,54
622,1/8 AMARILLA,54
623,1/4,54
624,PARA PIEZA DE MANO (ROJO),54
625,STANDARD,54
626,STANDARD NPA-S03 (T014),54
627,MINI NPA-M03 (T004),54
628,PARA LAMPARA DE LUZ FRIA (celeste),54
629,QUIMICAMENTE PURO 13ml,54
630,PARA LAMPARA DE FOTOCURADO,54
631,MOMIFICANTE PULPAR 13ml,54
632,TURBINA CARBURO REDONDA FG-2 FRE 12,54
633,"#15, 28MM",54
634,"#20, 28MM",54
635,"#25, 28MM",54
636,POLVO ROSADO,54
637,RAPIDO (POLVO TRANSPARENTE),54
638,CAVIMED PARA CAVIDADES 13ml,54
639,OPAL ESCENCE XTRA BOOST KIT 4 JERINGAS,54
640,DOBLE C/G SOLDAR 20.40.162 SLOT0.18 IZQ,54
641,DOBLE C/G SOLDAR 20.40.161 SLOT 0.18 DER,54
642,NAC-Y,54
643,PANA -AIR PA-S09,54
644,MINI PANA-AIR,54
645,HELIOSEAL F JERINGA,54
646,OPALESCENCE WHITENING TOOTHPASTE,54
647,"CAJA(24 JUEGOS) A24 S/I 59, 3D S/I 62, 2N S/I 62,",54
648,SELF SEALING STERILIZATION POUCH (90mm*230mm) (200,54
649,METALICO EDGEWISE SLOT 22 P 2/22-21/12 R 10.30.205,54
650,# 0.5,54
651,ACERO ARCO SUP# 12,54
652,ACERO ARCO INF #12,54
653,AZUL 49.5 X 33 cmts,54
654,NARANJA 50.5 X 34 cmts,54
655,CELESTE 49.5 X 33 cmts,54
656,VERDE 50.5 X 34 cmts,54
657,FRESKLIN,54
658,METALICO EDGEWISE SLOT 18 P 543/345 C/GR 10.65.106,54
659,SPRITE RELAX 300cm,54
660,PLASTICO TRANSPARENTE 7 x12 (100 UNI),54
662,120/1A SUPERIOR 42,54
663,110/01 SUPERIOR O05,54
664,110/01 SUPERIOR 31,54
665,120/1A SUPERIOR //34,54
666,110/01 SUPERIOR 41,54
667,CRILENE 62 (POLVO),54
670,ENJUAGUE BUCAL (GALON),54
671,VERDE 23x27 (20 UNIDADES),54
672,CONTRANGULO,54
673,GEL TOPICO AL 20% POMO 12 GRAMOS,54
674,FISIOL UB 140 ML (Ultrafiltrado Bacteriologico),54
675,SUPERFLOSS,54
676,98o,54
677,PREFABRICADO FIBRA DE VIDRIO EXATEC SIZE 1 10 UNID,54
678,"VALE DE CAJA  100x3 (1 ORIGINAS 2 COPIAS VERDE, AM",54
679,ORDEN DE TRABAJO 100 x 3 (1 ORIGINAL 2 COPIAS),54
680,"ENJUAGE BUCAL 0,12% 300 ml",54
681,ALUMINIO ANODIZADOS,54
682,LIMPIADOR EN POLVO (500 G),54
683,LIMPION (3 UNIDADES),54
684,PARA MOTOR DE SILLON,54
685,PLANOS # 5,54
686,DE PAPEL POR 50(UNIDADES),54
687,BLANCO PZ 20,54
688,METALICO UN SERVICIO,54
689,Z350 FILTEK A3,54
690,FILTEK Z350 FLUIDA A2 SHADE,54
691,CERDAS PLASTICAS,54
692,HILO BUR CLEANING BRUSH,54
693,FINGER SPREAD pointed # 10-40 25 mm (4x),54
694,FINGER SPREAD flat tip tapered  ABCD  25 mm (4x),54
695,FOR PROTAPER F1 # 20 (60x) refills,54
696,FOR PROTAPER F2 # 25 (60x) refills,54
697,FOR PROTAPER F3 # 30 (60x) refills,54
698,"FOR PROTAPER F1,20,F2,25F3,30 # 20 (20x) assortmen",54
699,"PROTAPER F1,F2,F3..  25mm",54
700,CONSULTORIO # 1,54
701,CONSULTORIO # 2,54
702,CONSULTORIO # 3,54
703,CONSULTORIO # 4,54
704,LIJA KIT (DIAMOND MASTER),54
705,DIAMANTE CONO INVERTIDO MED FRE-27,54
706,DIAMANTE REDONDA GRANDE FRE-24,54
707,TRANSMETALICA GW-2 FRE-7,54
708,DIAMANTE REDONDA MEDIANA FRE-23,54
709,PIEDRAS ALPHINAS ARKANSAS RED.ALARGADAS NTI-22,54
710,PUNTA DIAMANTE REDONDA X-GRANDE 1015,54
711,50 BLUE FACE MASK (AZUL 50 UNIDADES),54
714,JERINGA FOTOCURADO  A1 TPH,54
715,JERINGA FOTOCURADO A2 TPH,54
716,JERINGA FOTOCURADO A3 TPH,54
717,JERINGA FOTOCURADO A3.5  TPH,54
718,JERINGA FOTOCURADO INCISAL B1 TPH,54
719,JERINGA FOTOCURADO B3 TPH,54
720,VARIOS COLORES (5 unidades),54
721,DE 3cc 23G x 1,54
722,DE TRAPO VARIOS COLORES,54
723,MICROMOTOR PESO CILINDRICA 1-6,54
724,FICHAS PORTA RADIOGRAFIAS TRANSPARENTES,54
725,TORVI (LIQUIDO MATA INSECTOS),54
726,BAYGON SPRITE 400cc,54
727,CON AGARRADERA (LA TATA),54
728,RITE COPAL LIQUIDO (1/2 Oz),54
729,COLOR AZUL,54
730,COLOR ROJO,54
731,COLOR GRIS,54
732,LIQUIDO FRASCO 15 ml,54
733,TURBINA DIAMANTE FG REF: S368-314-020-5-ML,54
734,TURBINA DIAMANTE FG RE: S368-314-023-5-ML,54
735,MICROMOTOR CARBURO LA 6,54
736,KIT TURBINA COLECCION MULTIUSO (Caja azul),54
737,KIT TURBINA ACABAMENTO FINO E ULTRAFINO,54
738,NO ESTERILIZADO (PAQUETE 20 UNID),54
740,METALICA EA 640 2724,54
741,DE PAPEL PEQUEÑAS  # 2 (100 UNIDADES),54
742,PLASTICAS TRANSPARENTE GRANDE 12 X 18(ROLLOS),54
743,MEDIANOS DEN-185,54
744,MINI DEN-184,54
745,PLASTICOS PEQUEÑOS UNAS 05(AGARRADERA),54
746,PROCEDURAL EAR-LOOP MASKS SKI BLUE(50 PIECES),54
747,"LEXMARK 50 17 G0050 NEGRO PRINTERS Z12,Z22",54
748,MATERIAL DE IMPRESION TIPO II REGULAR SET,54
749,SUPER BONDER (LA BRUJITA),54
750,SOLUCION DESENSIBILIZANTE,54
751,SOFT PICKS,54
752,ROSADO 50x34 cmts,54
753,FOTOCURADO PF JERINGA,54
754,FOTOCURADO TS JERINGA,54
755,FOTOCURADO PS JERINGA,54
756,FOTOCURADO TB JERINGA,54
757,CON DATOS PERSONALES (DRA. SANDRA ARROBO) x 100 un,54
758,DRA.SANDRA ARROBO (BLOCK 100U C/C),54
759,DE DIAMANTE NTI 86 MEDIUM NCON MANDRIL,54
760,32L SUPERIOR 65 (TABLILLA),54
761,34L SUPERIOR 65 (TABLILLA),54
762,32M SUPERIOR 67 (TABLILLA),54
763,34M SUPERIOR 67 (TABLILLA),54
764,32L INFERIOR 67 (TABLILLA),54
765,34L INFERIOR 67 (TABLILLA),54
766,32L INFERIOR 62 (TABLILLA),54
767,34L INFERIOR 66 (TABLILLA),54
768,32 L INFERIOR 65 (TABLILLA),54
769,PARA LUZ ULTRAVIOLETA (CAREY ANARANJADO),54
770,CAPSULAS GS 80 400mg alloy 360 mg mercury,54
771,BRONCE 1/4 PULG,54
772,FILTRO PRESION 14-136 LIBRAS AW200,54
773,FORMADOR DE JUNTAS SILICOM RTV RED,54
774,MEDIA CAÑA # 12,54
775,MEDIA CAÑA # 14,54
776,PIEDRA ALPHINA DISCO No 4703,54
777,PIEDRA ALPHINA ALARGADA RED PEQUEÑA No 4719,54
778,PULIR METAL CAUCHO PEQUEÑA 15.9mm x 1.6mm(5 UNI),54
779,DE CAUCHO CROMO GRANDE (CAFE),54
780,DE CAUCHO GRIS GRANDE,54
781,DE FELPA BEIGE,54
782,"CROMO SMALL/THICK CAOBA 1,25X",54
783,DE LLAMA 070 PM,54
784,DE PERA,54
785,PORTA LIJA 327 NIQUEL PLATEADO,54
786,GREEN GIANT PM 173,54
787,DE FELPA BLANCOS SUAVES,54
788,PARA MOTOR DE BAJA VELOCIDAD ALARGADAS,54
789,PARA MOTOR DE BAJA VELOCIDAD SOMBRILLA,54
790,LIJA PAPEL BEIGE MEDIANOS,54
791,LIJA PAPEL CELESTE/BEIGE MEDIANOS,54
792,LIJA PAPEL CAFE/VERDE MEDIANOS,54
793,LIJA PAPEL GRIS/VERDE GRANDES,54
794,LIJA PAPEL BEIGE GRANDES,54
795,LIJA PAPEL BEIGE/CAFE PEQUEÑOS,54
796,LIJA PAPEL ROSADO/CAFE CON ORIFICIO GRANDES,54
797,ACTUALIZACION DE DATOS DE PACIENTE (100 UNID),54
798,DE TELA (BLANCA),54
799,PREFABRICADO FIBRA DE VIDRIO EXATEC SIZE 2 10 UNID,54
800,DE AUXILIARES,54
801,TURBINA 180ML PESADO,54
802,SAFECAP CAPSULAS SIZE 1 360MG,54
803,"HP 41  820, 850, 855,870, 1000  COLOR",54
804,MANILA TAMAÑO OFICIO,54
805,PLASTICA TRANSPARENTES 6x10 (ROLLO),54
806,CIMARA MATERIAL PARA REPARACION DE CERAMICA,54
807,FIT TEST MATERIAL DE CONTROL DE SILICONA DE FRAGUA,54
808,2N SUPERIOR COLOR 65,54
809,A25 SUPERIOR COLOR 65,54
810,134 SUPERIOR COLOR 65,54
811,136 SUPERIOR COLOR 65,54
812,2N INFERIOR COLOR 65,54
813,3D INFERIOR COLOR 65,54
814,3M INFERIOR COLOR 65,54
815,136 INFERIOR COLOR 65,54
816,3P INFERIOR COLOR 65,54
817,3P SUPERIOO COLOR 62,54
818,3D SUPERIOR COLOR 62,54
819,2N SUPERIOR COLOR 62,54
820,3M SUPERIOR COLOR 62,54
821,3P INFERIOR COLOR 62,54
822,3D INFERIOR COLOR 62,54
823,2N INFERIOR COLOR 62,54
824,FINE MICRO VIOLET,54
825,A-5 CORTADOR CON BLOQUEO UNIDIRECCIONAL CUCHILLA N,54
826,AK-1 CORTADOR ARTISTICO,54
827,ZIRCATE PROPHY PASTE (Cleaner/Polisher),54
828,FOTOCURADO FILTEK Z250  A3 SHADE UNIVERSAL,54
829,METALICA JIFFY DIAMOND STRIPS 0.4MM,54
830,DESENSIBILIZANTE TINFAR 7 ml FLUORURO ESTANNOSO 0.,54
831,SPEEDEX LA TRIAL KIT (PUTTY 200ML LIGHT BODY 60ML,54
832,DENTURE ADHESIVE CREAM (FRESH) 39 G,54
833,TEMPORY CROWN & BRIDGE KIT (SHADE 62-65-69-77),54
834,PARA MATERIAL DE IMPRESIONES,54
835,LAMPARA LUZ BLANCA GNATUS 12V 55W HALOGEN H3 RALLY,54
836,DR. PAULO ARROBO MATEUS (BLOCK 100 U C/C),54
837,DE PRUEBA AZUL (OJO),54
838,CERAMIC PRIMER RELY X (5ML),54
839,PASTA ADHESIVA RELY ARC A1 JERINGA,54
840,32L SUPERIOR 62 (TABLILLA),54
841,34L SUPERIOR 62 (TABLILLA),54
842,34M SUPERIOR 62 (TABLILLA),54
843,34L SUPERIOR 67 (TABLILLA),54
844,34L INFERIOR 62 (TABLILLA),54
845,34M INFERIOR 62 (TABLILLA),54
846,COMPOSITE RESIN BASED DENTAL RESTORATIVE MATERIAL,54
847,GC (Gold Label) GLASS IONOMER 1-1 PKG 9 A2 Power15,54
848,DE 5CC 22G x 1 1/4,54
849,DE 20CC,54
850,RECOGEDOR DE BASURA PLASTICAS,54
851,RELAX AZURRA,54
852,LIQUIDA NEUTRA KREMOSA,54
853,GLOSS & MORE,54
854,UFIGEL P (Permanent) (Kit),54
855,GRANDE BLANCA,54
856,MEDIANA BLANCA,54
857,PEQUEÑA RECTANGULAR BLANCA,54
858,AHORRADOR 20W/120V MINI-LYNX-D,54
859,CD-R 52X,54
860,ETIQUETAS AUTODHESIVAS,54
861,MICRO UNIBALL VERDE,54
862,DE PULIMENTO DIAMANTADA DIAMOND EXCEL,54
863,TIRA DE ACERO NTI-87,54
864,PESSO No 1,54
865,TREPANOS PESSO No 2 32 MM,54
866,# 1-6 28mm,54
867,CIRUGIA REDONDA 021 PM,54
868,CIRUGIA CONICA 021 PM,54
869,PLASTICOS PEQUEÑOS 1 OZ x 50 UNID,54
870,HP 27 NEGRO 10 ml,54
871,HP 28 C8728A COLOR 8ml,54
872,CONTINUO CON DOBLE COPIA,54
873,ENDO Z 21MM   0.9,54
874,3P INFERIOR 67,54
875,3P SUPERIOR 67,54
876,2N INFERIOR 67,54
877,A25 SUPERIOR 67,54
878,3M SUPERIOR 67,54
879,3M INFERIOR 67,54
880,1H SUPERIOR 67,54
881,RECOMENDACION EXTRACCION (50 UNID),54
882,RECOMENDACION POST CIRUGIA (50 UNID),54
883,VERDE,54
884,DIAMANTE TRONCOC MED LARGA FRE 36,54
885,CARB / CONTRANGULO CONO INV FRE 35,54
886,CARB / CONTRANGULO CILIND FRE 50,54
887,PUNTA DIAMANTE PARA CARILLAS 4141,54
888,DIAMANTE PERA FRE 38,54
889,TERM / RESINA FG 7406 PTA FLECHA FRE 9,54
890,CROMO CILINDRICA GRUESA,54
891,TRONCOCONICA PARA PULIR ACRILICO,54
892,CARB / CONTRANGULO RED PEQ FRE 46,54
893,DIAMANTE P/M CONO INV MED # 35 NTI 32,54
894,DIAMANTE P/M TRONCOCONICA # 708 NTI 60,54
895,DIAMANTE CONO INV PEQ 1032,54
896,ACERO TRONCO FINO 180-201-00,54
897,ACERO TRONCO GR 180-304-00,54
898,ACERO TRONCO MED 180-202-00,54
899,A1 COMPULES TPH,54
900,LG COMPULES TPH,54
901,LGO COMPULES TPH,54
902,GRANDE CONO,54
903,LIMPIA MADERA MUEBLES LIQUIDO,54
904,PAQUETE 300 UNID,54
905,DIAMOND PRO GRUESO 8 Y 12MM AZUL FGM 22(26 UNID),54
906,RUEDA CARBORUNDUM # 5,54
907,RUEDA CARBORUNDUM # 11,54
908,"TIRA CELULOIDE MATRIZ POLIESTER MF 5020 100x10x0,0",54
909,"TRANSPARENTE (BASE) 2,5 g VARIOLINK II",54
910,"TRANSPARENTE low viscosity (CATALYST) 2,5g VARIOLI",54
911,"TRANSPARENTE high viscosity (CATALYST) 2,5g VARIOL",54
912,"GELB/YELOW 210/A3low viscosity(CATALYST)2,5g VARIO",54
913,"GELB/YELOW 210/A3 (BASE) 2,5g VARIOLINK II",54
914,"BRAUN/BROWN 340/A4 (BASE) 2,5g VARIOLINK II",54
915,IMPACT 1.0 BLUE GEL  IMPACT,54
916,IMPACT 1.0 BLACK GEL IMPACT,54
917,"WEISS/WHITE 110/A1 (BASE) 2,5g VARIOLINK II",54
918,SOLDADURA UNIVERSAL,54
919,COCINA BLANCO (REDONDO),54
920,AHORRADOR 20W,54
921,ESTERIL EXTRA TETRIZOLINA,54
922,SOLUCION DESENSIBILIZANTE 0.6 G 3 STEP,54
923,UNIBALL II GREEN MICRO,54
924,ESTERILIZADOS PARA DRS,54
925,METALICO 1HP,54
926,PLASTICA PARA AGUA,54
927,METALICO EDGEWISE SLOT22 C/G EN CANINO R10.65.901,54
928,RECARGA LEXMARK 70,54
930,RECARGA HP 27,54
931,PUNTA DIAMANTE TRONCOCONICA TERM RESINA 1191F,54
932,ACERO ROLLO  0.70MM,54
933,GLUTFAR GLUTARALDEHIDO 2 %,54
934,DE VINO CHILENO,54
935,ACERO ROLLO 0.70mm/28 ref 524-070-00 165m,54
936,LAMPARA LUZ BLANCA H3 HALOGEN 12V 55W,54
937,VARIOS COLORES 10 UNIDADES,54
938,VARIAS MEDIDAS,54
939,ALCALINAS AAA,54
940,CONSULTORIO # 5,54
941,CONSULTORIO # 6,54
942,DE ALICATE SACA BANDAS,54
943,"VICRIL 3-0 70 CM POLIGLATINA 910 violeta,trenzada",54
944,GRIS/CROMO,54
945,VERDE/CROMO,54
946,DTE TRONCOCONICA MED EN PTA FRE-30 859-016M,54
947,DTE TRONCONCONICA CHATA FRE-62 847-016,54
948,DTE TRONCOCONICA PTA RED FRE-63 856-016,54
949,IONOMERO DE VIDRIO 3.5 ML PARA BASE VITREBOND,54
950,PARA CIRUGIA,54
951,PARA CABEZA DE CONTRANGULO NAC-03,54
952,TRANSPARENTES ORTODONCIA(BASTONES),54
953,METALICO EDGEWISE SLOT 22 P11/21 (10 u),54
954,METALICO EDGEWISE SLOT 22 P 12/22 (10 u),54
955,METALICO EDGEWISE SLOT 22 PRE/CAN (10 U),54
956,METALICO EDGEWISE SLOT 22 P 31/32-41/42 (10 u),54
957,CON CIERRE 2.5x3.5 PEQ x 50 UNID,54
958,X-GATES 32MM,54
959,ROLLOS 1 MIL 10ft x 20 ft,54
960,DE MADERA x 24 UNID,54
961,SUELDA DE PLATA BARRA,54
962,UNI STICK LIGADURA (MODULO TRANSPARENTE),54
963,VERDE MANZANA,54
964,METALICA DORADA COL-3,54
965,PARA TALLADO KOLLIES #9 (PIEDRA MONTADA),54
966,CARBURO PARA CORTAR METAL UN LADO 10 UNID,54
967,TRANSMISION NAC-02,54
968,PARA CIRUJANO AZUL UNIDADES,54
969,HIDROXIDO PASTA RADIO -OPACA JERINGA 2G,54
970,"#10, 25mm",54
971,HIGH VISCOSITY/YELLOW(210/A3) catalyst,54
972,FLASH DE 1GB USB,54
974,PEDIATRICAS FLOW X-RAY,54
975,PARA FLASH USB,54
976,MALFAKMULTI PURPOSE 2,54
977,TOPSEAL INTEGRAL SET A0900,54
978,CUÑAS VARIOS COLORES 12 unid,54
979,TOCADOR MANOS 400 ML,54
980,CUÑAS INTERDENTALES SURTIDAS 4959,54
981,METALICAS 3031 REF 05001 MICROCUT,54
982,METALICA 3032 MICROCUT,54
983,METALICA  ABRASIVAS 4mm x 150mm 3051 REF 060000,54
984,DE SILICONA KIT MAS MANDRIL OPTIMIZE,54
985,JERINGA FOTOCURADO C2 TPH,54
986,JERINGA FOTOCURADO B2 TPH,54
987,PAPEL HIGIENICO 71303,54
988,PARA MANOS 75 ML,54
989,FUJI II LC MINI KIT 5G + 3G(cuellito),54
990,EFEX 15-40 25MM SEN-56,54
991,15 ML,54
992,ANTISEPTICO DESINFECTANTE,54
993,SELECTORA AMERICANA,54
994,KETAC N100 NANO IONOMERO D RESTAURAC FOTPOLIZ A2,54
995,PARA MONITOR,54
996,PLOMO CON NEGRO,54
997,BEIGE,54
999,ENCIDENT SOLUCION CLORHEXIDINA 2%,54
1000,IMPACT RT1.0 RED GEL IMPACT,54
1001,GLUTAREX 0500 SOLUCION DESINFECTANTE Y ESTERILIZAN,54
1002,"NITI, ARCO, INF. # 0.16X0.16",54
1003,NEGRO,54
1005,MANZANILLA Y MIEL,54
1006,ANIS,54
1007,LIGHT 100% NATURAL (50 UNID),54
1008,MOLIDO CLASICO,54
1009,ZIPPER SMALL PLASTICAS (50 UNID),54
1010,DESECHABLES BLANCOS 4 OZ  (25 UNID),54
1011,PLASTICOS REMOVEDOR DE CAFE,54
1012,ECONOMICA 100 UNIDADES,54
1013,GLAZE HP AMARILLO P30042,54
1014,GLAZE HP AZUL P3042,54
1015,GLAZE HP VERDE P342,54
1016,CABEZA DE REEMPLAZO SWEEPON,54
1017,COMPOSITE A1 BASED DENTAL RESTORATIVE MATERIAL,54
1018,COMPOSITE A2 BASED DENTAL RESTORATIVE MATERIAL,54
1019,COMPOSITE A3 BASED DENTAL RESTORATIVE MATERIAL,54
1020,ETCHAT LIQUID 37%PHOSPORIC ACID 7.5ML,54
1021,BONDING RESIN 3ML,54
1022,JERINGA DE ACONDICIONADOR DENTAL GEL 3ML,54
1028,INSTANTANTEO 170G,54
1029,GRADE TOQUE CON ATOMIZADOR,54
1030,MASKED POCKET FILM MOUNTS 6 PELICULAS,54
1031,DE 10CC 21G x 1 1/4,54
1032,KEYSTONE SILICONA BLANCO,54
1033,KEYSTONE SILICONA AZUL,54
1034,KEYSTONE SILICONA ROSADO,54
1035,BABY VASELINA 50G,54
1036,BLANCAS PEQUEÑAS 50 UNIDADES,54
1037,PARA CD COLOR  AZUL,54
1038,QUIRURGICOS ESTERILIZADOS BLANCOS,54
1039,PLASTICOS COLORES CON AROMA Y CUERDA,54
1040,FUNDA DE 1/2 KILO,54
1041,FRASCO 200 G,54
1042,METALICO ROTH SLOT 0.022 R ACCLAIM 2833,54
1043,METALICO ROTH SLOT 0.022 R ACCLAIM U/L PART # 304-,54
1045,SINGLE BOND 2 3G,54
1046,UNIBALL SIGNO REFILL NEGRO,54
1047,UNIBALL II MICRO AZUL,54
1048,UNIBALL II MICRO NEGRO,54
1049,UNIBALL II MICRO ROJO,54
1050,TOQUE LAVANDA 2 UNIDADES,54
1051,METALICO EDGEWISE SLOT 0.22x20 R MINI GEM ROK-16,54
1052,METALICO ROTH SLOT 0.22x20 R MINI GEM GIN-1,54
1053,VARIAS FRAGANCIAS,54
1055,37% SCOTCH BOND  3ML,54
1056,OPB10 SWISSPLUS  04.1mm X 10MM 04.8mm  OCTAG STRIG,54
1057,OPB8 SWISSPLUS 04.1mm x 8MM OCTAGON 4.1,54
1058,OPB12 SWISS 04.1mm x12 mm 04.8mm OCTAGONO STREIGHT,54
1059,PARA AUTOCLAVE EA640,54
1060,ZIPPER MEDIUM PLASTICAS (50 UNID,54
1061,PARA ROPA PLASTICAS,54
1062,PARA FIJACION DE BRACKETS BIOFIX (CON FLUOR),54
1063,PERMA-GREEN # 11,54
1064,CON DATOS PERSONALES (DR. PAULO ARROBO) x 100 unid,54
1065,ALGINKID ORTHODONTIC 1.50 ITALY,54
1066,FLUIDA TRANSPARENTE,54
1067,FILTEK Z350 FLUIDA A3 SHADE,54
1068,LIQUIDO GENTLY WASH 22ML,54
1069,KROMALGIN CROMATICO 2.30 ITALIA,54
1070,SOLUCION BACTERIOSTATICA LARINGOLOGICA 120 ML,54
1071,SOLUCION LARINGOLOGICA Y ODONTOLOGICA 120 ML Y 1L,54
1072,ORTODENT DE MANZANILLA Y XILITOL AL 6%,54
1073,MAXTOR 160GB ID 7200 S9RAA5S6X,54
1074,DESECHABLES PARA CAFE BLANCOS 6 OZ (25unid),54
1075,JERINGA FOTOCURADO B1 TPH,54
1076,"ROLLO PARA SOLDAR 0,50mm ref 35.30.010 SOLDADURA D",54
1077,MANOS Z ECOLOGICA CONFORSEC 7354,54
1078,223 SUPERIOR COLOR 62,54
1079,224 SUPERIOR COLOR 62,54
1080,2D SUPERIOR COLOR 62,54
1081,A24 SUPERIOR COLOR 62,54
1082,A25 SUPERIOR COLOR 62,54
1083,A26 SUPERIOR COLOR 62,54
1084,1N SUPERIOR COLOR 62,54
1085,3N SUPERIOR COLOR 62,54
1086,264 SUPERIOR COLOR 62,54
1087,4H SUPERIOR COLOR 62,54
1088,135 SUPERIOR COLOR 62,54
1089,1H SUPERIOR COLOR 62,54
1090,266 SUPERIOR COLOR 62,54
1091,2P SUPERIOR COLOR 62,54
1092,268 SUPERIOR COLOR 62,54
1093,137 SUPERIOR COLOR 62,54
1094,136 SUPERIOR COLOR 62,54
1095,HIERBA LUISA 25 BOLSITAS,54
1096,FLOR 2 EN 1  KLENEX CLASICO,54
1097,GRIS PARA TURBINA PANA AIR (PA-S04),54
1098,CONO DEFEND 50 UNIDADES,54
1099,DE PAPEL X 25 UNIDADES,54
1100,FRE20 TRONCOCONICA DE CARBURO HP 702,54
1101,FRE52 DE ACERO,54
1102,3118 FLAMA GRUESA DE DIAMANTE,54
1103,NTI 50 CILINDRICA TORPEDO ESTRALARGE DE DIAMANTE,54
1104,NTI 49 CILINDRICA TORPEDO LONG DE DIAMANTE,54
1105,RETRACTOR DE TEJIDO 000 96  in  (244cm),54
1106,EXAFLEX PUTTY BASE 278ml (500g) CATALYST 278ml (50,54
1107,EXAFLEX LIVIANO BASE Y CATALYST 100g (74ml) INJECT,54
1108,CON FLUOR 170G NON-SPATTER FORMULA,54
1109,CUÑAS DE MADERA x100 UNIDADES,54
1110,SILICONA # 0,54
1111,SILICONA # 1,54
1112,SILICONA # 2,54
1113,VIDRIO,54
1114,LIQUIDO 10%,54
1115,MANOS DOBLADAS EN Z,54
1117,LIMPIEZA BACTERIAL BLANCO 500ML,54
1118,HIERBA BUENA,54
1119,FRE21 TRONCOCONICA DE CARBURO HP 701 L,54
1120,TRENZADO PARA USO ODONTOLOGICO,54
1121,COLTOSOL TEMPORARY FILLING MATERIAL 38g,54
1122,ELASTICO GRIS,54
1123,MANUAL GRIS,54
1124,AMPOLLAS SOLUCION INYECTABLE 75mg/3ml,54
1125,POLA OFFICE 3 PATIEN KIT,54
1126,MASCARILLAS QUIRURGICAS 50 UNID BLUE,54
1127,ETCHANT GEL 37% 12g JERINGA,54
1128,CUCHARAS PLASTICAS DURAS Y RESISTENTES 25 UNID,54
1129,PLASTICAS C/CIERRE 2.5x2,54
1130,LN 28MM,54
1131,WEST DIG. 160GB ID 7200R(wcav31966820),54
1132,METALICOS ROTH 0.22,54
1133,LIQUIDA 30ML,54
1134,ROSADA DENTAL WAX,54
1135,PASCORD 10 GINGIVAL RETRACTION CORD WITHOUT EPINEP,54
1136,9 RACORD 1 TWISTED GINGIVAL RETRACTION CORD WITH E,54
1137,# 11 PARA COMPROBADOR FIT TEST,54
1138,ESPIRAL DE CONTABILIDAD,54
1139,NOTITAS VARIOS COLORES (500 UNID),54
1140,ESTERILIZADOS SIZE 6 1/2 VERDE,54
1141,PARA DISYUNCION PALATINA 65.05.010 7MM,54
1142,PARA DISYUNCION PALATINA 65.05.011 9MM,54
1143,METALICO,54
1144,GRIS,54
1145,DEL KIT DE SUCCION,54
1146,KEYSTONE BRONCE CON PLATEADO,54
1147,COLOR NARANJA,54
1148,DE INSTRUMENTAL CAJA (200 UNID),54
1149,BLANCOS CON MANDRIL,54
1150,NEGROS CON MANDRIL,54
1151,RELYX LUTING 2 CEMENT,54
1152,EXPRESS XT LILA LIGHT BODY,54
1153,EXPRESS XT PUTTY SOFT PESADO AMARILLO,54
1154,"SOFLEX GRANO SF,F,M,G ACABADO Y PULIDO (240 UNID)",54
1156,Z250 FILTEK A2 UNIVERSAL,54
1157,TIPS 690 ML,54
1158,CAFE 500g,54
1159,CAFE 50 G,54
1160,DE LOJA FUNDITAS,54
1161,LIJA PD POLIESTER,54
1162,"PROTAPER FOR HAND USE(MANUALES)SX,S1,S2,F1,F2,F3",54
1163,LIQUIDO,54
1164,TEA TE NEGRO,54
1165,FLEXILLIUM MARRONES CO 4203,54
1166,FLEXILLIUM F-3 VERDES 4211,54
1167,FLEXILLIUM F-3 ROSADAS 4209,54
1168,200 UNIDADES PAQUETE 2 EN 1,54
1169,PUNTA DTE FORMA DE HUEVO 3168,54
1170,NTI AZUL TRONCOCONICO MC079CE-060,54
1171,CARB. HP-7 RED PEQ FRE-41,54
1172,DE CARBURO TRONCOCONICA FINA FRE-75,54
1173,FACIAL PETIT  MC-002,54
1174,EDGEWISE SLOT 18 C/G EN CANINO R 10.65.900,54
1175,1/4 6.4mm RED,54
1176,SECA LIBRE DE MANT 12 V/7AH,54
1178,REGISTRO DE TRAB ENVIADOS A LAB (2UNID),54
1179,PARA LABORATORIO (30 UNID),54
1180,PESADAS EXTRAORALES GRAY 1/2 12.7MM MAXIMUM,54
1181,"CROMO LG/THK 1,5X",54
1182,PARA TODA OCASION 12 SOBRES 12 TJTAS,54
1183,UMR BLUE-BLACK,54
1184,HEATLERS PARA PULIR Y GASTAR,54
1185,DE TELA,54
1186,LOGO CONSULTORIOS ARROBO,54
1187,ACERO SYSTEM ONE OFICCE,54
1188,FLASH DE 4GB USB,54
1189,TC 21  TRONCOCONICA MEDIA CON PUNTA 3193,54
1190,TR 14 BEING TRONCOCONICA MEDIANA EXTRA GRUESA 198/,54
1191,FRE 23 SS WHITE FRESA DE DIAMANTE REDONDA MEDIANA,54
1192,BR 31 BEING PUNRA DIAMANTE REDONDA,54
1193,BLANCO 100% NATURAL 100 STICK PACKS,54
1194,BLANCA PARA BAÑO 45 x 50,54
1195,JERGA LANA,54
1197,MEPIVASTESIN 3%,54
1198,PUNTAS DE PULIDO REDONDAS JIFFY AMARILLAS,54
1199,PUNTAS DE PULIDO REDONDAS JIFFY VERDES,54
1200,PUNTAS DE PULIDO ALARGADAS JIFFY AMARILLAS,54
1201,LIDOCAINA EPINEFRINA 1:80000 ROXICAINA 2%,54
1202,TRESS WHITE SUPREME,54
1203,OPALUSTRE JERINGA,54
1204,ULTRA EZ CUBETAS SUPERIORES,54
1205,ULTRA EZ CUBETAS INFERIORES,54
1206,UNIVERSAL DENTIN SEALANT REFIL,54
1207,PUNTA VISCOSTAT,54
1208,DIAMANTE 285.5F,54
1209,DIAMANTE 770.10C,54
1210,DIAMOND 5M,54
1211,DIAMANTE 777.8M,54
1212,ULTRATEMP FIRM KIT,54
1213,MATERIAL DE OBTURACION,54
1214,BIC MARKING VARIOS COLORES,54
1215,PERMANENTE PUNTA FINA,54
1216,UNIBALL SIGNO WHITE,54
1217,PLASTICAS VARIOS COLORES,54
1218,PARA CONTAR BILLETES,54
1219,DETECTOR DE BILLETES FALSOS,54
1220,BOLSA DE AUTOCLAVE,54
1221,CARBURO CONICA P/REDONDA FG 012 (6852),54
1222,T4B FOR BRACES,54
1223,ESPACIADORES B 25 MM,54
1224,DE LABORATORIO 2 UNID,54
1225,FICHA DE ENDODONCIA 10 UNID,54
1226,TROPICALGIN 453g,54
1227,SUPERFIX 25 DISCOS LIJA GRUESA Y MEDIANA,54
1228,PERMANENTE GRUESO VARIOS COLORES,54
1229,PLASTICOS PEQUEÑOS 2 OZ x 50 UNID,54
1230,MICKEY DE COLORES,54
1231,DE DIAMANTE ULTRA FINO CS NTI 40,54
1232,DE DIAMANTE GRUESO COMPLETO NTI 18,54
1233,IMPACT RT BLACK,54
1234,EN SPRAY 2OZ,54
1235,NO ABSORBIBLE 3-0 P/SEDA NEGRA TRENZADA,54
1236,ABSORBIBLE ACIDO POLIGLICOLICO 3-0 (VYCRIL),54
1237,ETCHAT GEL 12g (azul),54
1238,PASTA KIT ELITE HD + TRIAL KIT NORMAL,54
1239,PARA SILLON GL PAD,54
1240,MEPIVACAINA 3% SEM VASOCONSTRITOR,54
1241,SOLUCLOR 0.9% 250ML,54
1242,DEL 45 AL 80,54
1243,"50 BOLSAS (16,5CM X 14,9CM)",54
1244,FUJI II LC MINI KIT 15POLVO G + 3LIQUIDO G (CUELLI,54
1245,HILO DENTAL CON CERA Y FLUOR (50 METROS),54
1246,IONOMERO KETAC MOLAR EASYMIX ART RESTAURADO 12.5G,54
1247,PILA AA ENERGIZER RECHARGE,54
1248,IMPLANTE DE TITANIO B&W S.R.L.,54
1249,HUESO FILLER BONE RELLENO OSEO REABSORBIBLE B&W,54
1250,BOLIGRAFO DE ORTODONCIA ULTRA FINA PERMANENTE,54
1251,MARCADOR PERMANENTE FINO WRITE OUT LOUD (DR. PAULO,54
1252,METALICO ROTH SLOT 22 PIEZA 11 S/G,54
1253,METALICO ROTH SLOT 22 PIEZA 12 S/G,54
1254,METALICO ROTH SLOT 22 PIEZA 13 C/G,54
1255,METALICO ROTH SLOT 22 PIEZA 21 S/G,54
1256,METALICO ROTH SLOT 22 PIEZA 22 S/G,54
1257,METALICO ROTH SLOT 22 PIEZA 23 C/G,54
1258,METALICO ROTH SLOT 22 PIEZA 33 C/G,54
1259,METALICO ROTH SLOT 22 PIEZA 43 C/G,54
1260,METALICO ROTH SLOT 22 PIEZA 31 S/G,54
1261,MET EDGEWISE SLOT 18 10.30.102 PIEZA 11-12/21-22,54
1262,METALICO EDGEWISE SLOT 18 10.30.101 PIEZA 11/21,54
1263,METALICO EDGEWISE SLOT 22 10.30.201 PIEZA 11/21,54
1264,BANDA MATRIX 3/16 STANLESS STEEL,54
1265,PROTOCOLO PARA DIAGNOSTICO CON DOLOR LOCALIZADO(PA,54
1266,PROTOCOLO PARA DIAGNOSTICO CON DOLOR NO LOCALIZADO,54
1267,UNIESTIK AO DE COLORES,54
1268,EDGEWISE UNIVERSAL SOLDAR 20.40.263,54
1269,EDGEWISE UNIVERSAL CEMENTADO 20.41.263,54
1270,DESCARTABLES 30x1 B-D 30G (25U),54
1271,PROTECT P/LAMP RADLL (100 U),54
1272,FLUORESCENTE COMPACTO MINI LYNX SPIRAL 120-127V,54
1273,COLOR LUZ DEL DIA 110-130V,54
1274,CONICAS 3.25 PR252,54
1275,CONICAS 4 PR 252,54
1276,CONICAS 5 PR 252,54
1277,"CORTA 3,30 PR 359",54
1278,"LARGA 3,30MM PR 432",54
1279,"CORTA 3,75/4/5 PR 407",54
1280,"LARGA 3,75/4/5 PR 288",54
1281,"MANUALES METALICOS 0,035 CORTO PR 432",54
1282,"MANUALES METALICOS CORTO 0,048 PR 432",54
1283,"MANUALES METALICOS  LARGO 0,035  PR 456",54
1284,"MANUALES METALICOS LARGO 0,048 C/L PR 432",54
1285,METALICO PR 430,54
1286,PARA DISPOSITIVO MECANICO PR 013,54
1287,MECANICO T ESTRELLA CORTO PR 381,54
1288,MECANICO T ESTRELLA LARGO PR 399,54
1289,MECANICO  PR 252,54
1290,METALICA 420 PR 250,54
1291,PUNCH 410 PR 271,54
1292,DE FRESA METALICO PR 433,54
1293,DE LLAVE QRIQUET  PR 395,54
1294,"LANZA 2,00 MM PR 252",54
1295,"METALICAS 2,00 MM PR 252",54
1296,"METALICAS 2,50 MM PR 252",54
1297,"METALICAS 2,80 MM PR 252",54
1298,"METALICAS 3,00 MM PR 252",54
1299,"METALICAS 3,15 MM PR 252",54
1300,"METALICAS 3,30 MM PR 252",54
1301,METALICAS 2/3MM PR 252,54
1302,"METALICAS 4,50MM PR 252",54
1303,"METALICAS 3,50 MM PR 388",54
1304,"METALICAS 4,30 MM PR 388",54
1305,"METALICAS 4,80MM PR 388",54
1306,"ESPIRAL 3,80MM PR 271",54
1307,MECANICO CIH LARGO PR 434 REF DMI 550-200,54
1308,MECANICO CIH CORTO PR 434 REF DMI 550-100,54
1309,1011,54
1310,FO 25,54
1311,1052,54
1312,"UCLA DE TITANIUM 3,30x1mm PR 435",54
1313,"MUÑON TRANSF 3,7,5/4 T C/L PR 455",54
1314,CAZOLETAS DE REPUESTO P /ESFERICO PR 079/113,54
1315,REPUESTO O /RING PILAR ESFERICO PR 109,54
1316,PRONTO ALIVIO,54
1317,UNIBALL SIGNO 0.5 VARIOS COLORES,54
1318,IMPARCT RT 1.0 BLUE,54
1319,A4 MULTIPEG,54
1320,SDI ULTRACAPS 1 PORCION,54
1321,ESTERILIZADOS SIZE 6 1/2 AZUL,54
1322,DE AGUA (HOJA),54
1323,PERIAPICALES DV-58 (100 UNIDADES),54
1324,BARRAS FINAS 30x0.8 CM,54
1325,METALICO ROTH SLOT 22 C/G R. 10.15.905,54
1326,NITI ARCO INF 16x22 (10 unid),54
1327,COE SOFT,54
1328,FUJI GOLD LABEL 1,54
1329,NO ABSORBIBLE 4.0 POLYSORB 20mmSEDA NEGRA,54
1330,TRANSMETALICA CONICA FG 571-010,54
1331,A26 SUPERIOR 66,54
1332,2N SUPERIOR 66,54
1333,3D SUPERIOR 66,54
1334,3P SUPERIOR 66,54
1335,3M SUPERIOR 66,54
1336,A25 SUPERIOR 66,54
1337,136 SUPERIOR 66,54
1338,2P SUPERIOR 66,54
1339,137 SUPERIOR 66,54
1340,267 SUPERIOR 66,54
1341,CRISTAL POCKET PEQUEÑO,54
1342,CUADROS GRANDE 100H,54
1343,TORONJIL,54
1344,SWISSFLEX COARSE 703 CONTORNEAR R.040.2019,54
1345,SWISSFLEX MEDIUM 705 FINALIZAR 040.2021,54
1346,SWISSFLEX 702RA R.040.2018,54
1347,LARGO/PESSO #1 CA 28MM R.132.0233,54
1348,LARGO/PESSO # 2 CA 28MM R. 132.0236,54
1349,133 SUPERIOR 62,54
1350,133 SUPERIOR 66,54
1351,OCLUSALES FLOW CAJA SIZE 4,54
1352,LIVIANO,54
1353,PESADO,54
1354,CEDRON,54
1356,METALICO ROTH SLOT 22 PIEZA 14 C/G,54
1357,METALICO ROTH SLOT 22 PIEZA 15 C/G,54
1358,METALICO ROTH SLOT 22 PIEZA 24 C/G,54
1359,METALICO ROTH SLOT 22 PIEZA 34 C/G,54
1360,METALICO ROTH SLOT 22 PIEZA 35 C/G,54
1361,METALICO ROTH SLOT 22 PIEZA 25 C/G,54
1362,METALICO ROTH SLOT 22 PIEZA 32 S/G,54
1363,METALICO ROTH SLOT 22 PIEZA 41 C/G,54
1364,METALICO ROTH SLOT 22 PIEZA 42 C/G,54
1365,METALICO EDGEWISE SLOT 22 P 11 S/G,54
1366,METALICO EDGEWISE SLOT 22 P 12 S/G,54
1367,METALICO EDGEWISE SLOT 22 P 13 C/G,54
1368,METALICO EDGEWISE SLOT 22 P 14 S/G,54
1369,METALICO EDGEWISE SLOT 22 P 15 S/G,54
1370,METALICO EDGEWISE SLOT 22 P 21 S/G,54
1371,METALICO EDGEWISE SLOT 22 P 22 S/G,54
1372,METALICO EDGEWISE SLOT 22 P 23 C/G,54
1373,METALICO EDGEWISE SLOT 22 P 24 S/G,54
1374,METALICO EDGEWISE SLOT 22 P 25 S/G,54
1375,METALICO EDGEWISE SLOT 22 P 31 S/G,54
1376,METALICO EDGEWISE SLOT 22 P 32 S/G,54
1377,METALICO EDGEWISE SLOT 22 P 33 c/G,54
1378,METALICO EDGEWISE SLOT 22 P 34 S/G,54
1379,METALICO EDGEWISE SLOT 22 P 35 S/G,54
1380,METALICO EDGEWISE SLOT 22 P 41 S/G,54
1381,METALICO EDGEWISE SLOT 22 P 42 S/G,54
1382,METALICO EDGEWISE SLOT 22 P 43 C/G,54
1383,METALICO EDGEWISE SLOT 22 P 44 S/G,54
1384,METALICO EDGEWISE SLOT 22 P 45 S/G,54
1385,DE GLICERINA 510ML MANZANILLA,54
1386,METALICO ROTH SLOT 22 P 44 C/G,54
1387,METALICO ROTH SLOT 22 P 45 C/G,54
1388,PD-L-3,54
1389,PD-L-4,54
1390,VARIOS COLORES ORTOBOX,54
1391,"ROJO, INLAY PATTERN 1OZ POWDER, 1OZ LIQUID",54
1392,PROROOT MTA MATERIAL PARA RELLENO,54
1393,MAQUIRA INOX 0.05x7 50cmm,54
1394,"MATRIX ROLL 1/4,0015",54
1395,ENDO-Z FRE 10,54
1396,PERMA-GREEN # 8,54
1397,PERMA-GREEN # 10,54
1398,ULTRADENT 2.5G,54
1399,ANGINMAJOR THE CLASSIC ONE (NARANJA),54
1401,PLASTICAS 9x14 2 LBS,54
1402,MATERIAL DE IMPRESION,54
1403,PROTAPER F1 25MM,54
1404,PROTAPER S1 25MM,54
1405,PROTAPER S2 25MM,54
1406,METALICAS 4mmx150mm 3051,54
1407,METALICA 150x6,54
1409,REPUESTO PARA LAMPARA,54
1410,EPSON LX 300-EPSON ORIGINAL,54
1411,PULIR Y GASTAR PEQUEÑA,54
1412,CEPILLO ACERO FRE 44,54
1413,PUNTAS DE PULIDO JIFFY REDONDAS BLANCAS,54
1414,PUNTAS DE PULIDO JIFFY COPA BLANCAS 3822,54
1415,P/PULIR RESINA COPA ENHANCE 1579,54
1416,P/PULIR RESINA DISCO ENHANCE 3816,54
1417,P/PULIR RESINA LLAMA ENHANCE 3819,54
1418,PROXIMAL,54
1419,TIRA DIAMANTADA 3.75 2574,54
1420,2N SUPERIOR COLOR 67,54
1421,CON LLAVE,54
1422,PUNTAS DE PULIDO ALARGADAS JIFFY BLANCAS,54
1423,PUNTAS DE PULIDO ALARGADAS JIFFY VERDES,54
1424,PUNTAS DE PULIDO COPA JIFFY AMARILLAS,54
1425,PUNTAS DE PULIDO COPA JIFFY VERDES,54
1426,METALICA 2.5 MM,54
1427,9 SESIONES,54
1428,"-ENJUAGE BUCAL 0,12% 500 ml",54
1429,LIJA POLIESTER (25 UNIDAD),54
1430,MINI BOMBILLO AHORRADOR 20 WATT,54
1431,BLANCO TARRINA 100CC (50 UNID),54
1432,-CERAMICA ROTH SLOT 22 FASCINATION 2 R 700-062-01,54
1433,16% JERINGA,54
1434,NITI EURO UPPER(17x25) (SUP 10 UNID) R 5000-108,54
1435,SS EURO UPPER (17x25) (SUP 10UNID) R 9000-109,54
1436,SS EURO LOWER 17x25 (INF 10 UNID) R 9000-209,54
1437,NITI EURO LOWER 17x25 (INF 10 UNID) R 5000-208,54
1438,NITI EURO UPPER 19x25 (SUP 10 UNID) R 5000-111,54
1439,SS EURO LOWER 19x25 (INF 10 UNID) R 9000-213,54
1440,SS EURO UPPER 19x25 (SUP 10 UNID) R 9000-113,54
1441,MOLAR BONDABLE SINGLE(DER/SUP)SLOT 22 J622-5111(UR,54
1442,MOLAR BONDABLE SINGLE(IZQ/INF)SLOT 22 J622-5131(LL,54
1443,MOLAR BONDABLE SINGLE(DER/INF)SLOT 22 J622-5141(LR,54
1444,MOLAR BONDABLE SINGLE(IZQ/SUP)SLOT 22 J622-5121(UL,54
1445,SUPERFIX 25 DISCOS LIJA MEDIANA,54
1446,TANQUE PARA AGUA 800ml SIN TAPA,54
1447,CONSULTORIO # 7,54
1448,CONSULTORIO # 8,54
1449,RAPIDO HEMBRA,54
1450,RAPIDO MACHO,54
1451,ROLLO 6.92MT,54
1452,VERDES 20KG 30x36 10unidades (DOMESTICA),54
1453,JIFFY PROXIMAL SAW,54
1454,"FOTOCURADO, B3, JERINGA",54
1455,NITI EURO LOWER 19x25 (INF 10 UNID) R 5000-211,54
1456,CERDA BLANCA IA8906,54
1457,BLANCA MONTADA IA8917,54
1458,DRILL 01.90,54
1459,DRILL 02,54
1460,DRILL 02.80,54
1461,DRILL 03.20,54
1462,DRILL 03.80,54
1463,DRILL 04.50,54
1464,DRILL 05,54
1465,DRILL 05.50,54
1466,BODY TRY IN 02,54
1467,DRILL EXTENDER,54
1468,PARALLEL PINS,54
1469,IMPLANT INDICATOR,54
1470,SCREW DRIVERS LONG HAND,54
1471,SCREW DRIVERS SHORT HAND,54
1472,LONG MOTOR,54
1473,SHORT MOTOR,54
1474,HAND WRENCH MT-HW001,54
1475,HAND WRENCH MHK29,54
1476,LONG (RATCHET),54
1477,SHORT (RATCHET),54
1478,COUNTER SINK STANDARD,54
1479,COUNTER SINK WIDE,54
1480,"INT, HEX DIRECT KEY",54
1481,BODY TRY IN 02.80,54
1482,BODY TRY IN 03.20,54
1483,BODY TRY IN 03.80,54
1484,BODY TRY IN 04.50,54
1485,BODY TRY IN 05,54
1486,BODY TRY IN 05.50,54
1487,NEGRAS (10 UNID) CON AGARRADERA,54
1488,SUPERFIX PARA ACABAMIENTO Y PULIMENTO CON MANDRIL,54
1489,"WEISS/WHITE 110/A1 (catalist) 2,5g VARIOLINK II -I",54
1490,DIAGNOSTICO DE ORTODONCIA (5UNID),54
1491,"MANUAL HEXAGONAL 0,035 CORTO PR 565 DMF-090-120",54
1492,"MANUAL HEXAGONAL 0,035 LARGA PR 475 DMF-090-180",54
1493,"TORQUIMETRO HEXAGONAL 0,048 CORTA PR 556 DMF-122-1",54
1494,"TORQUIMETRO HEXAGONAL 0,048 LARGA PR 557 DMF-122-2",54
1495,"UCLA CALC 05,00 C/HEX PR 241",54
1496,UCLA CALC 04 BASE CR-CO+T.Ti.Hex PR 252,54
1497,"CAL 0,5 C/HEX +T.Ti.Hex CAL-500-HEX PR 241",54
1498,"CALC 03,30 C/Hex + T.Ti.Hex CAL-330-HEX PR 241",54
1499,ALGINPLUS FAST THE ADVANCED ONE 453G 1 lb,54
1500,Z350 XR A2 BODY SHADE FOTOCURADO,54
1501,JOTA PARA ORTHODONCIA FGx8 1389,54
1502,"NITI,REDONDO ARCO, SUP. # 0.16 - 10 UNID COD NTU-1",54
1503,"NITI,QUADR ARCO, SUP. # 0.16 x 16 -10 UNID COD NTU",54
1504,"NITI,QUADR ARCO, INF. # 0.16 x 16 -10 UNID COD NTL",54
1505,FACIAL ROJA,54
1506,ENJUAGE BUCAL SABOR A MENTA GLUC DE CLORHERIDINA,54
1507,BLANCO DR. CRISTHIAN BAJAÑA,54
1508,BLANCO DRA. MARGARITA LOPEZ,54
1509,BLANCO DR. JOSE ORTEGA,54
1510,BLANCO DRA. ALEXANDRA RUIZ,54
1511,BLANCO DRA. ERIKA SUASNABAS,54
1512,BLANCO DRA. ANNABELL VELEZ,54
1513,BLANCO DRA. MARIELA LOPEZ,54
1514,BLANCO DRA.IVONNE RIVERA,54
1515,DR. MARCOS BENAVIDES,54
1516,DRA. JENNY BOZA,54
1517,DRA. MARIA CRISTINA FLOR,54
1518,PROFILAXIS POMO 100 G,54
1519,MANOS DOBLADAS EN Z 73570 (73200),54
1520,TRANSMETALICA CIL PD-2 (GW2) 8285,54
1521,MIDDLE HOOK MEDIUM 022 ORJ (10 UNID) F201-06,54
1522,DE LENTEJA (VARIOS COLORES),54
1523,COMPOSITA EA3.5 4G,54
1524,COMPOSITA EA2,54
1525,COMPOSITA EA3 4G,54
1526,COMPOSITA EB2 4G,54
1527,COMPOSITA DA3 4G,54
1528,PRIMER BOND AMBAR 4ML,54
1529,DE FIELTRO (felpa caja naranja) 8/12 MM (24 unid),54
1530,DE FIELTRO DIAMOND FLEX,54
1531,PROFILAXIS POMO12 OZ,54
1532,PARA PISO SUPER RESISTENTE,54
1533,TINTA HP CH561HL (122) NEGRO COD 9021,54
1534,TINTA HP CH562HL (122) TRICOLOR COD 9022,54
1535,GEN OS GRANULADO AMPOLLETA 0.5,54
1536,TONER HP CE278A NEGRO P1606,54
1537,P/TURBINA TIGER  STD TIG 8,54
1538,DENTAL GINGIVIT (PARA ENCIAS INFLAMADAS),54
1539,DENTAL SORAL (PARA DIENTES SENSIBLES),54
1540,DENTAL ORTODENT (PARA ORTODONCIA),54
1541,GNATUS SILLON LANDUS/STORUS CELESTE,54
1542,GNATUS SILLON LANDUS/STORUS AZUL,54
1543,POLISHING DISCS FLEXIPOL (VARIOS COLORES CONMANDRI,54
1544,LIMPIADOR EN POLVO LIMON ANTIGRASA,54
1545,"CEMENTO DE FIJACION DUAL-BLEACH XL (BASE) 2,5 g VA",54
1546,15-40 DE 28MM 8319,54
1547,15-40 DE 29MM 8321,54
1548,20 DE 29MM 8463,54
1549,"TUBOS, #15 8462",54
1550,"TUBOS, #15 8315",54
1551,"TUBOS, #20 8316",54
1552,"TUBOS, #25 8317 (120 unid)",54
1553,CERAMICO ROTH 22 TRANSCEND CLARITY REF 6010-701,54
1554,ACERO REF RDI-330-100,54
1555,CALCINABLE REF CAL-330-HEX,54
1556,CALCINABLE REF CAL-400-HEX,54
1557,IMPLANTE CILINDRICO HEXAGONO EXTERNO,54
1558,BRONCE REF RDI-500-200,54
1559,BRONCE IMPLANTE REF RDI-500-200,54
1560,CALCINABLE REF CAL-500-HEX,54
1561,TI REF SPU-500-100,54
1562,GEL FRASCO 16 oz,54
1563,PATO ADVANCED 500ML,54
1564,CON MANZANA Y CANELA,54
1565,"TI 3,30-1mm REF SPU-330-100",54
1566,"CERAMICO CLARITY  ROTH 0.22 (0,56mm) MBT SUP/INF C",54
1567,"3,25x 11,5FCE 451",54
1568,C/BLOQUEO REF SPB-400-100,54
1569,"3,30x1mm REF SPU-330-100",54
1570,"INTRA ORAL1,8 (3.2mm) HEAVY 6.5OZ CREATURES OF SEA",54
1571,REDONDA PEQUEÑA BR41,54
1572,TF 20,54
1573,+T.TIHEX PPV-330-200,54
1574,EDGEWISE 22 10.65.901,54
1575,ROTH 22,54
1576,ROTH 22 MINI ABZIL,54
1577,ROTH 22 6010-701 TRANSCEND,54
1578,ROTH 22 CON REFUERZO METALICO 6400-207 CLARITY,54
1579,NITI FLEX # 15-40 25,54
1580,NITI FLEX # 30 25,54
1581,PUROS DBM PUTY WITH CHIPS 2CC REF8960,54
1582,PURIFICADA ENVASADA SIN GAS ILT,54
1583,DE 200 ML VARIOS SABORES,54
1584,NEGRO 500ML,54
1586,BLOCK 100 HOJAS,54
1587,FCT 389 C/MONTURA CONEXION INTERNA,54
1588,FCT 488 T/S,54
1589,2mm PUA 500-020,54
1590,2mm PUA 400-020,54
1592,PDC 330-400,54
1593,LECHE SEMIDESCREMADA DE SABORES 200ml,54
1594,PARA TRAPEADOR DE MADERA,54
1595,FCE 423 S/M,54
1596,FEC 533 S/M,54
1597,FCE 405 C/M,54
1598,FCE 335 C/M,54
1599,FCE 347 C/M,54
1600,FCE 472 S/M,54
1601,FCE 461 T/S,54
1602,FCE 463 T/S,54
1603,FCE 451 T/S,54
1604,HP 122 NEGRO,54
1605,HP122 COLOR,54
1606,70mm x 229mm 2 3/4x 9 SAFE SEAL D,54
1607,57mm X 102mm 2 1/4x 4 PUL SAFE-SE,54
1608,ALUMINIO BLANCO,54
1609,CAFE GRANDE,54
1610,"# 40, 25mm",54
1611,VITREBOND CLICKER 10G,54
1612,DENTAL FLOSS 100YARDS,54
1613,HALOGENO 12V 55W LUZ BLANCA,54
1614,CAVIBRUSH,54
1615,MANZANILLA,54
1616,CONICO,54
1617,CIH,54
1618,FRONTIER,54
1619,WINDOW CLEAR 680ML,54
1620,GLASS CLEANER,54
1621,24V C/SOPORTE SALIDA C/ROSCA,54
1622,DE ALTA SYNCRUS,54
1623,90mm x 135mm 2 3/4x9 SAFE SEAL D,54
1624,100G SIMPLE,54
1625,ESPECIALES LARGAS(BOLO),54
1626,PRE-ACTIVADO 5ML,54
1627,DE DIAMANTE GRUESOCOMPLETO (CHINO),54
1628,3 x 3 FOAMED BACK (50 unidades),54
1629,"-ESTERILES, DESCARTABLES, SILICONADAS(30G 0.30x25)",54
1630,MULTIMARK S AZUL,54
1631,MULTIMARK M AZUL,54
1632,MULTIMARK S NEGRO,54
1633,MULTIMARK F AZUL,54
1634,AZUL OFICIO,54
1635,CARBURO FG CONICA 016 (CIRUGIA),54
1636,CARBURO FG CONICA 021 (CIRUGIA),54
1637,CARBURO FG CONICA 012 (CIRUGIA),54
1638,DIAMANTE 3195 FG,54
1639,DIAMANTE 3145 FG,54
1640,TRACCION BAJA (con modulos),54
1641,PARA ARCO EXTRAORAL M,54
1642,HEDSTROEM # 15-- 25 MM,54
1643,DE FLUOR CLINPRO WHITE VARNISH,54
1644,PLASTICAS ROJAS PORTA DESECHOS(100UNID),54
1645,PAPEL PARA RECADOS 14CMSx8.5CMS,54
1646,REWRITER LG,54
1647,TI C/BLOQUEO 4*1MM,54
1648,TI CIH 5*2,54
1649,TI CIH 4*3,54
1650,TI 5*1MM TI.HEX,54
1651,HEX 0.048 MEDIA,54
1652,TOP DAM JERINGA,54
1653,MULTIMARK F NEGRO,54
1654,DR.PAULO ARROBO MEMBRETADOS Y NUMERADOS,54
1655,MANOS DOBLADAS EN Z,54
1656,ADATA DE 1GB DDR PC 400,54
1657,550W SATA,54
1658,DRA.SANDRA ARROBO MEMBRETADOS Y NUMERADOS,54
1659,MINI ESTANDARD GENERICO DE NSK,54
1660,"GEMINI CLEAR 0,22 (0,56) UNITEK",54
1661,"GEMINI CLEAR 0,22 (0,56) UNITEK P11",54
1662,"GEMINI CLEAR 0,22 (0,56) UNITEK P12",54
1663,"GEMINI CLEAR 0,22 (0,56) UNITEK P13",54
1664,"GEMINI CLEAR 0,22 (0,56) UNITEK P14",54
1665,"GEMINI CLEAR 0,22 (0,56) UNITEK P15",54
1666,"GEMINI CLEAR 0,22 (0,56) UNITEK P21",54
1667,"GEMINI CLEAR 0,22 (0,56) UNITEK P22",54
1668,"GEMINI CLEAR 0,22 (0,56) UNITEK P23",54
1669,"GEMINI CLEAR 0,22 (0,56) UNITEK P24",54
1670,"GEMINI CLEAR 0,22 (0,56) UNITEK P25",54
1671,"GEMINI CLEAR 0,22 (0,56) UNITEK P31",54
1672,"GEMINI CLEAR 0,22 (0,56) UNITEK P32",54
1673,"GEMINI CLEAR 0,22 (0,56) UNITEK P33",54
1674,"GEMINI CLEAR 0,22 (0,56) UNITEK P34",54
1675,"GEMINI CLEAR 0,22 (0,56) UNITEK P35",54
1676,"GEMINI CLEAR 0,22 (0,56) UNITEK P41",54
1677,"GEMINI CLEAR 0,22 (0,56) UNITEK P42",54
1678,"GEMINI CLEAR 0,22 (0,56) UNITEK P43",54
1679,"GEMINI CLEAR 0,22 (0,56) UNITEK P44",54
1680,"GEMINI CLEAR 0,22 (0,56) UNITEK P45",54
1681,A-B 21MM,54
1683,REVELADOR DE PLACA BACTERIANA,54
1684,INGENIOS HA SYNTHETIC 05CC -0251M,54
1685,YELLOW 21mm,54
1686,ACCESS 10--21mm (6 UNID),54
1687,BLANCO DRA. CRISTNA CORONEL,54
1688,BLANCO DR. MILTON MARTILLO,54
1689,LIP BUMPER GRIS 0.18,54
1690,LIP BUMPER TRANSPARENTE 0.18,54
1691,RECIBO DE CAJA DR. PAULO ARROBO (ORIGINAL Y COPIA),54
1692,RECIBO DE CAJA DRA. SANDRA ARROBO (ORIGINAL Y COPI,54
1693,ULTRA GUARD W/O ASSORTED,54
1694,COMFORT COVER FOR BRACES (SUP/INF),54
1695,NITI MTWO 10-25(701) 25MM (4UNID),54
1696,NITI MTWO 25-40(702) 25MM (4UNID),54
1697,#25/30/35/40 MTWO,54
1698,EDTA 17% 120ML,54
1699,RHODUM FRONT SURFACE TOPVISION FS,54
1700,BLANQUEADOR SACHET 150ml,54
1701,RECTO CONEXION INTERNA ALT 2mm,54
1702,CONEXION INTERNA,54
1703,PUROS CANCELL 1000-2000 0.5CC,54
1704,SEMIANGULADO CONEXION EXTERNA,54
1705,CONEXION EXTERNA,54
1706,703-705-707-709 mandril,54
1707,EN CREMA PARA AUTOS,54
1708,25--25mm,54
1709,25--21MM,54
1710,JR PACK (10 UNID),54
1711,PERMANENTE MULTIMARK WINNER 52-E,54
1712,LUMOCOLOR PERMANENT MARKER,54
1713,RECTO,54
1714,ANTIRRO. PS HEX-2.45H=1.5mm + TORN,54
1715,RECTO CONEXION EXTERNA ALT 1mm,54
1716,ORO CONEXION EXTERNA,54
1717,190mm*330mm STERILIZATION POUCH (200 UNID),54
1718,KF 2% NITRATO POTASIO  2ml,54
1719,# 30 MTWO,54
1720,# 35 MTWO,54
1721,# 40 MTWO,54
1722,SEMIANGULADO CONEXION INTERNA ALT,54
1723,NITI MTWO 10-25 21MM,54
1724,NITI MTWO 25-40 21MM,54
1725,FRASCO 120 GR,54
1726,"SOLUCION ANTISEPTICO, BACTERICIDA 120ML",54
1727,LIMPIEZA REFRESCANTE CON ALOE 50 UNIDADES,54
1728,ROJO 20 LITROS,54
1729,PLASTICOS x 10 UNIDADES,54
1730,ORTODONTICO TRANSBOND EN JERINGA PARA FOTOCURADO,54
1731,BIOMEC,54
1732,PLASTICAS CLARA FILO ROJO,54
1733,PLASTICAS BIFOCAL FILO NEGRO,54
1734,DEL ESCRITORIO DE DRA. SANDRA ARROBO,54
1735,DEL ESCRITORIO DE DR. PAULO ARROBO,54
1736,DEL ESCRITORIO DE CPA. VIOLETA HERRERIA,54
1737,LC BLOCK-OUT RESIN,54
1738,DRA. JENNY BOZA (100 UNID),54
1739,CPA. VIOLETA HERRERIA (50 UNID),54
1740,DRA. SANDRA ARROBO (50 UNID),54
1741,DR. PAULO ARROBO (50 UNID),54
1742,DESECHABLES PARA CAFE BLANCOS 8OZ (25unid),54
1743,CAPS 1 PORC NU ALLOY NEW STETIC,54
1744,ANTIRRO. PS HEX-2.45H=2.5mm + TORN,54
1745,"INCLINADO 15o PS HEX 2,45 + TORN",54
1746,ZIMMER VARIOS,54
1747,DE TITANIO ZIMMER 3.5x4.5 2mm,54
1748,JERINGA 1.5G CLEAR,54
1749,SEVEN VARIOS,54
1750,ONE COAT BOND 5ml,54
1751,IMPORTADO AROMA,54
1752,PROTAPER FINISHING F3 21mm,54
1753,PROTAPER FINISHING F3 25mm,54
1754,15-40 28mm,54
1755,TIPO K 45-80 28mm,54
1756,TWISTER BOTTLE BRUSH,54
1757,USO DOMESTICO 81/2  C20,54
1758,TEXTSURFER CLASSIC VARIOS COLORES,54
1759,DATATRAVELER 100 8GB USB 2.0,54
1760,25 PAPER POINTS 8464 (180 UNID),54
1761,VARIOS COLORES Y MODELOS T0121001,54
1762,GRIS IG0232,54
1763,U200,54
1764,C/MICROVALVULA P/SYNCRUS SALIDAS,54
1765,DE BAJA SUCCION,54
1766,C/REGULADOR,54
1767,"ANTIRRO PS.HEX 2,45mm + TORN",54
1768,135mm * 255mm paq (200 unid),54
1769,GC SOLARE DIRECT AO3 4GR GCA-65,54
1770,LED LUZ BLANCA,54
1771,BLENDAS PRO-SESITIVE DIENTES SENSIBLES 1 LT,54
1772,4BONE SYNTHETIC BONE GRAFT 0.5CC,54
1773,GNATUS SILLON SYNCRUS GL SOFT VERDE,54
1774,BLANCO DRA. MARTHA QUIMI,54
1775,BLANCO DRA. PAMELA GARCIA,54
1776,PARA TURBINA,54
1777,STAE 5mL ADHESIVO,54
1778,GRANDES 50UNID,54
1779,GEL FRASCO 8 oz 240ml FLUOFAR,54
1780,CF380A HP 312A BLACK LASERJET,54
1782,REPUESTO LIMPIADOR VIDRIOS LIQUIDO 500ML,54
1783,ENCERADO 25mts,54
1784,CINTA TEFLON BLANCA,54
1785,BREEZE MATA POLILLAS,54
1786,PUROS CORTICAL 0.5CC 250F1000,54
1787,PERMAFLO FLUIDO DENTI OPACA,54
1788,DE TITANIO TALLABLE,54
1789,REPUESTO ACEITES NATURALES 42ML,54
1790,ACEITES NATURALES CON UNIDAD ELECTRICA,54
1791,CD-RW 1X-4X 700mb,54
1792,DE GLICERINA 1000ML MANZANILLA,54
1793,DE GLICERINA 360ML MANZANILLA,54
1794,BIOMEND COLLAGEN 15x208 WEEKS,54
1795,EXTENSION USB /DISCO DURO,54
1796,NARANJA UNIBALL SIGNO BIT 0.7,54
1797,PTA CILINDRO PED 1092 SF-41,54
1798,PARA METAL HOUSING,54
1799,TRONCO GRANO FINO DELGADA 3070F TF-12F,54
1800,TRONCO LARGA C/PTA 2200 TF-11,54
1801,TRONCO LARGA C/PTA 2134 TC-11,54
1802,TRONCO MED FINA C/PTA 2068 TF-20,54
1803,HEAVI 3/16  4.8 GALAPAGOS GIANT (100 UNID),54
1804,RECTO BIOMEC,54
1805,DF 841 100(UNIDADES),54
1806,CF380A HP 312A MAGENTA LASERJET -HP,54
1807,CF380A HP 312AAMARILLO LASERJET -HP,54
1808,CF380A HP 312A AZUL LASERJET -HP,54
1809,MULTIFUNCIONAL EXAG EXTERNO C/TORNILLO 9097,54
1810,CARBURO CIL HP56,54
1811,CARBURO CIL HP1557,54
1812,CARBURO CIL HP58,54
1813,CARBURO CONICA HP 703,54
1814,PROTECTORA PARA INTERIORES,54
1815,PARA AUTOS CONCENTRADO,54
1816,SOFLEX FUNDAS DE 20 UNID,54
1817,ELGILOY AZUL 16*22,54
1818,NYLON MONOFIL NEGRO 4-0 NO ABSORBIBLE,54
1819,NO ESTERILES CAJA LARGE,54
1820,DESECHABLES ESTERILES,54
1821,BORICO,54
1822,PARA BRACKETS ENCIDENT 300ml,54
1823,PARA LIMPIAR BAÑOS,54
1824,WP DENT-A-CAV x 30 GR,54
1825,WP GLASS LINER LIGHT DURED JER x2 ML,54
1826,DENTAFAR 345 G,54
1827,WAVE A3 FLUIDA,54
1828,ANATOMICO 6MM PROTESICOS 100TRANSMUCOSO,54
1829,HILO DE SUTURA-NO ABSORBIBLE 3-0 MR 25P/SEDA NEGRA,54
1830,SPRAY 19OZ DESINFECTANTE,54
1831,CON ELASTICO VARIOS COLORES,54
1832,FEBREZE  LINE & SKY,54
1834,SUTURA QUIRURJICA DE SEDA TRENZADA NEGRA NO ABSORB,54
1835,WAVE A2 FLUIDA,54
1836,POSTERIOR BACK,54
1837,DE RACK 3V,54
1838,CORG NEWLINK CAT 6,54
1839,ANGULADO DE 15,54
1840,ANGULADO DE 25,54
1841,GLASS CLEANER LIMPIA VIDRIOS SPRAYWAY,54
1842,DTE CILIN PEQUEÑA 835-010M,54
1843,PTA CONO INV. PEQ 1033,54
1844,PTA CONO INV MED 1034,54
1845,TRONCO LARGA PTA CHATA 3069,54
1847,PTA DTE FLAMA C/PTA 1111,54
1848,PARA BEBE SUAVE,54
1849,PAD WRIST-REST,54
1850,PAD PLASTICO,54
1851,NEENAH PAPER CLASIC SOBRE Y TARJETA,54
1852,IMPARCT RT 0.7 RED-UNIBALL,54
1853,ORING,54
1854,NEGRO ESCAPADOR CAPSULA ORING,54
1855,ORING HEX,54
1856,CON BASE DE TITANIO,54
1857,EN TORUNDA ALVEOLAR (20 UNID),54
1858,PRAXIS x 60 UNID SURTIDOS,54
1859,DIAMANTE REDONDA GRANDE 801-023C,54
1860,PTA CONO INV DOBLE 1045,54
1862,PTA DTE FLAMA GRANDE 3118,54
1864,PTA CONO INV MED 1034,54
1865,PTA DTE RED GRANDE 1015,54
1866,PTA CILINDRO MED 3097,54
1867,PTA CILINDRO C/PUNTA 4219,54
1868,PALITOS DE MADERA (500 UNID),54
1869,PARA SUERO,54
1870,QUIRURJICO COE PAK 90G+90G STD,54
1871,SURGIC PRO,54
1872,WAVE A1 FLUIDA,54
1873,RECARGABLE PARA PROPEX II,54
1874,DIAGNOSTICO 55x34 CMTS CONSULTORIO 5,54
1875,DIAGNOSTICO 55x34 CMTS CONSULTORIO 7,54
1876,DIAGNOSTICO 55x34 CMTS CONSULTORIO 8,54
1877,DIAGNOSTICO 47x31 CMTS CONSULTORIO 6,54
1878,RECTO DE TITANIO,54
1879,RECTO ESTETICO,54
1880,ANGULADO ESTETICO,54
1881,RECTO CON PLATAFORMA SFITING,54
1882,PARA CUERO (30 TOALLITAS),54
1883,DE CUERO,54
1884,PARA TANQUE DE OXIGENO,54
1885,PARA OXIGENO,54
1886,ZEKRYA FG 23 ODXI107,54
1887,ZEKRYA FG 28 ODXI0618,54
1888,ERA MINI VARIAS MEDIDAS,54
1889,ERA MALES CAUCHITO,54
1890,ESTETICO NP 3,54
1891,CAP ATTACHMENT NYLON UNE,54
1892,PREHIDRATADO 3x0.5CC MP3,54
1893,OFI VARIAS MEDIDAS,54
1894,DE 3cc 21G x 1,54
1895,80 ML INYECTABLE,54
1896,REPUESTO IMPRESORA EPSON LX 890,54
1897,UNIBALL SIGNO RT BLUE,54
1898,UNIBALL SIGNO DX BLUE,54
1899,POLVO Y BRILLO MULTISUPERFICIES,54
1900,SPRAY 12.5OZ DESINFECTANTE,54
1901,PUROS CANCELL 1000-2000 1.0 ANCHO CC,54
1902,-CF380X HP 312X BLACK LASERJET,54
1903,ROLLO FAMILIA FLUJO CENTRAL BLANCO 73601,54
1904,ANATOMIC 1MM TRANSGINGIVAL ABUTMENT,54
1905,DTE CONO INV. PEQ 805-012M,54
1906,DTE CONO INV. MED 805-016M,54
1907,DTE REDONDA. PEQ 801-010M,54
1908,PTA CILINDRO L PTA CHATA 3101,54
1909,PTA DE HUEVO MED 3160,54
1910,al2.5% 500 ml,54
1911,15x22 BOVINA,54
1912,RCM RESORSABLE 15x20 COLLAGEN,54
1913,20x30 BIOMAT,54
1914,20x30 CAJA NARANJA,54
1915,NARROW PLATFORM CEMENTING POST,54
1916,CHROM CATCUT USP 3/0 26mm1/2 CIRCLE ABSORBABLE,54
1917,"ALLOGRAF CDI CORTICAL CANCELLOUS POWDER 0,5 Lyo St",54
1918,DE METAL LIQUIDO 250ML + CREMA,54
1919,PARA SILICONAS UNIVERSAL TRAY ADHESIVE 10ml,54
1920,KETAC 15G,54
1921,ZIRCONIA CEMENTED INCISOR 15DEG ABUTMENT SET INT.,54
1922,# 15C,54
1923,POLYGLYCOLIC ACID ABSORBIBLE 5-0PTA REDONDA 25MM,54
1924,ACONDICIONADOR Y PROTECTOR,54
1925,PARA BASURA NEGRA FUERTE (10 UNIDADES),54
1926,PREMIUM 425ML HAND PIECE,54
1927,METALICA SUP # 12,54
1928,METALICA SUP # 13,54
1929,METALICA INF # 10,54
1930,METALICA INF # 11,54
1931,METALICA INF # 12,54
1932,LAVATODO6,54
1933,NARROW,54
1934,ALLOGRAF CDI 1.0 CORTICAL CANCELLOUS POWDER,54
1935,EPSON BLACK LX-350 S015631,54
1936,DELGADO,54
1937,EDTA GEL 24%,54
1938,ANTIHUMEDAD 190G,54
1939,PRO POWER STAINLESS STEEL CLEANER 24OZ,54
1940,55mmx130mm,54
1941,PARA PUERTA DE AUTOCLAVE,54
1942,ROJA PARA RESIDUOS BIOLOGICOS 55*50,54
1943,TPH3 NANOHIBRIDA B1,54
1944,ALCALINA 9V,54
1945,ALCALINA 1.5V GRANDE PLUS,54
1946,ALCALINA AA 1.5V,54
1947,SMALL DE NITRILO AZULES,54
1948,VARIOS SABORES,54
1949,PLASTICA CON BASE CROMO COBALTO,54
1950,ROLLOS 10CM x200M,54
1951,ROLLOS 15CM X 200M,54
1952,ROLLOS 25CM x 200M,54
1953,ROLLO 7.5CMx200M,54
1954,NANOHIBRIDA A2 TPH3,54
1955,DIAMANTE FG 4230,54
1956,DIAMANTE FG 3100,54
1957,DIAMANTE CONICA 4138,54
1958,DIAMANTE FG 4138G,54
1960,DE PULIDO Y ACABADO CON MANDRIL,54
1961,350 unidades,54
1962,ENZIMATICO LIPASA POR GALON,54
1963,GLUTHARDEHIDO AL 2% PLUS GALON,54
1964,DIAMANTE FG 4072,54
1965,TPH3 NANOHIBRIDA IB1,54
1966,TPH3 NANOHIBRIDA OC2,54
1967,TPH3 NANOHIBRIDA A1,54
1968,TPH3 NANOHIBRIDA A3,54
1969,TPH3 NANOHIBRIDA A3.5,54
1970,TPH3 NANOHIBRIDA B2,54
1971,PRISMA GLOSS,54
1972,TPH3 NANOHIBRIDA BW,54
1973,10cmx25cm,54
1974,VERDES 39x55 DE 35KG,54
1975,#15--31mm(6unid),54
1976,SILK USP 3/0 EP 2 75cm ref 8201524,54
1977,PERICARDIO DE 1*1 MM,54
1978,15CMx20CM,54
1979,7cmx12cm,54
1980,GEN DERM,54
1981,GEN MIX,54
1982,SINQUENOLICA LIVIANO,54
1983,OMNI DE TITANIO,54
1984,BLANCOS,54
1985,MD -400 W&H CON CABEZA,54
1986,MODY FONICO 1 PULSADOR,54
1987,MD30,54
1988,10-100-1000,54
1989,MEMORIA 7-1 IMGXX,54
1990,PARA TRIMODULAR 3 ENTRADAS,54
1992,DE FIBRA PARA LAMPARA DE LUZ,54
1993,AGUA,54
1994,750 WATSS,54
1995,DUAL ALLCEM  A1,54
1996,DUAL ALLCEM A2,54
1997,"ALLOGRAF 0,25 G",54
1998,CICATRIZACION,54
1999,"ALLOGRAF 0,5 G",54
2000,VARIOLINK ESTHETIC DC LIGHT,54
2001,662 NEGRO,54
2002,662 TRICOLOR,54
2003,20 ML,54
2004,QUIRURGICOS 1 1/6 AZUL,54
2005,DE FIJACION,54
2006,25CMx35CM,54
2007,EQUIPOS ENVIADOS Y REGISTRO DE ESTERILIZACION,54
2008,AJUSTABLE PARA LS-1,54
2009,SPRAY SCOTT HAND SANITIZER 400ML,54
2010,DTE G2 TRONCO ARBOLITO FINO W852-012M,54
2011,DTE G2 CILINDRO MED PTA RED W881-012M,54
2012,DTE G2 TRONCO CHATA LARGA W847-016M,54
2013,DTE G2 CHATA GR W847-021M,54
2014,DTE G2 CILINDRO LARGA CHATA W837-014M,54
2015,DTE. G2 CILINDRO LARGA PTA RED W881-016M,54
2016,DTE G2 HUEVO PEQ W368-016M,54
2017,DTE G2 TRONCO C/PTA FINA W855-012M,54
2018,DTE G2 CILINDRO LARGA C/PTA W885-012M,54
2019,DTE G2 TRONCO PTA LARGA FINA W856-L014M,54
2020,DTE G2 TRONCO C/PTA GRUESA W856-016M,54
2021,DTE G2 TRONCO C/PTA X GR W856-018C,54
2022,DTE. TRONCO CORTA FINA W860-012VF,54
2023,DTE G2 CILINDRO MED CHATA W836-014M,54
2024,REP DE ELECTROBISTURI ART KIT X 7,54
2025,NO ESTERILES NITRILO CAJA XSMALL (100 U),54
2026,NO ESTERILES NITRILO CAJA SMALL (100 U),54
2027,NO ESTERILES NITRILO CAJA MEDIUM (100 U),54
2028,EN GEL SANITIZANTE DE MANOS 500ML,54
2031,DIAMOND  856/012C COARSE ROUND END TAPER,54
2032,DIAMOND 861/014C COARSE FLAME,54
2033,FG 8,54
2034,ALPHINA FW645-FG,54
2035,SOLUCLOR 0.9% 100ML,54
2036,MICROTECH PLUS 022ROTH,54
2037,15-40 21MM X 6 UN,54
2038,REGISTRO Y SECUENCIA DE ESTERILIZACION,54
2039,LIGADURA 0.30,54
2040,MINI GEM ROTH 0.22,54
2041,RELY X VENNER,54
2042,PRO6 SATA III,54
2043,INTEL PENTIUM 8VAG4440,54
2044,INTEL CORE I3 LGA 8VA,54
2045,DE TPLINK TG 3468,54
2046,INTERNO NOTEBOK 1TB SATA 5400,54
2047,NEGRO 550 W,54
2048,SPECTRA BASIC A1,54
2049,SPECTRA BASIC A2,54
2050,10--31MM(6UNID),54
2051,PLASTICOS 7OZ PAQUETE DE (50 UNIDADES),54
2053,HP1557,54
2054,EN BLOQUE SP 10x10x20MM,54
2055,"PARAFUSO CORTICAL AP 2,0x8MM CROSS DRIVE",54
2056,ESTETICO NITI SUP 14,54
2057,ESTETICO NITI SUP 16,54
2058,BITACORA DE LIMPIEZA DE CONSULTORIOS DRA SANDRA AR,54
2059,BITACORA DE LIMPIEZA DE OFIC / AREA COMUNES DRA SA,54
2060,BITACORA DE LIMPIEZA DE OFI / AREA COMUNES DR PAUL,54
2061,BITACORA DE LIMPIEZA DE CONSULTORIOS DR PAULO ARRO,54
2062,SPECTRA SMART YE,54
2063,ESTETICO NITI SUP 16x22,54
2064,ESTETICO NITI INF 16x16,54
2065,PERMAFLO A2,54
2066,PERMAFLO A3,54
2067,FILLIN MATERIAL,54
2068,ESFERICO CON CAZOLETA,54
2069,1046,54
2070,1047,54
2071,EMPRESS DIRECT OPAQUE,54
2072,ESTETICO  NITI 17X25 SUPERIOR,54
2073,ESTETICO NITI 17X25 INFERIOR,54
2074,ESTETICO NITI 19X25 SUPERIOR,54
2075,ESTETICO NITI 19X25 INFERIOR,54
2076,SPECTRA BW,54
2077,SPECTRA BASIC B1,54
2078,DTE G2 LENTEJA PEQ W815-016M,54
2079,SPECTRA BASIC A3,54
2080,TRONCO LARGA 4137,54
2081,PLACA DE MONTAJE TRILLO IMANTADA,54
2082,DE COLAGENO,54
2083,277.021 DIAMANTE BALON FUTBOL 833G.314.021,54
2084,LX 890,54
2085,277.021 DIAMANTE BALON FUTBOL 833EF.314.021,54
2086,165.012 DIAMANTE CONICA 858EF.314.012,54
2087,254.018 DIAMANTE LLAMA 831EF.314.018,54
2088,198.010 DIAMANTE TRONCOCONICA 850E.314.010,54
2089,165.014 DIAMANTE CONICA 858.314.014,54
2090,165.010 DIAMANTE CONICA 858.314.010,54
2091,198.016 DIAMANTE TRONCOCONICA 850G.314.016,54
2092,165.010 DIAMANTE CONICA 858 EF.314.010,54
2093,165.012 DIAMANTE CONICA 858.314.012,54
2094,165.014 DIAMANTE 858G.314.014,54
2095,111.010 DIAMANTE CILINDRICA GRUESA 837LEF.314.010,54
2096,108.010 DIAMANTE CILINDRICA 835.314.010,54
2097,697.016 DIAMANTE RED CUELLO LARGO 801L.314.016,54
2098,110.010DIAMANTE TRONCOCONICA 850F.314.010,54
2099,257.014 DIAMANTE LLAMA830F.314.014,54
2100,001.012 DIAMANTE REDONDA 801FG012,54
2101,GROUND BONE 0.5 GBL MEDIO,54
2102,DIAGNOSTICO 55x34 CMTS CONSULTORIO 1,54
2103,DIAGNOSTICO 55x34 CMTS CONSULTORIO 2,54
2104,DIAGNOSTICO 55x34 CMTS CONSULTORIO 3,54
2105,DIAGNOSTICO 55x34 CMTS CONSULTORIO 4,54
2106,QUIRURGICOS UNIDAD,54
2107,QUIRURGICOS AUXILIAR,54
2108,NEGROS PARA AUXILIAR,54
2109,DTE G2 TRONCO PTA LAPIZ FINA W858-014M,54
2110,SPECTRA SMART A1,54
2111,SPECTRA SMART A2,54
2112,SPECTRA SMART A3.5,54
2113,SHOWER FOAM VARIAS FRAGANCIAS 400ML,54
2114,INSTRUMENTAL,54
2115,ACRILICA ACRYTEMP KIT A1,54
2116,MADERA,54
2117,PROTEMP 4 A1,54
2118,CAVEX CREAM ALGINATO NORMAL,54
2119,ESTETICO NITI SUP 16x16,54
2120,ESTETICO NITI INF 12,54
2121,PLAX SOFT MINT 1L,54
2122,DTE.SSWHITE G2 REDONDA X-GR W 801-023M,54
2123,SURGICRYL PGA 4/0 AGUJA 1/2 RED 26MM,54
2124,SURGITIP,54
2125,FOREVER RASPBERRY RENUZIT 198G,54
2126,CUCHILLA DE ESTILETE,54
2127,DE PERICARDIO,54
2128,DE TITANEO (DIGITAL 5024),54
2129,TIPO K  10-31MM,54
2130,DE AGUA MANGO METALICO,54
2132,DESCARTABLES,54
2133,ABUT STRAING TWO PIECE OCTAGON IMP,54
2134,DE EXAMINACION CON LANOLINA VERDES XSMALL,54
2135,ABSORBIBLE CAGTUG 4/0 REF 2200126,54
2136,DE EXAMINACION CON LANOLINA VERDES MEDIUM,54
2137,DE EXAMINACION LATEX BLANCO ZENZE XSMALL,54
2138,DE EXAMINACION LATEX BLANCO ZENZE SMALL,54
2139,DE EXAMINACION LATEX BLANCO ZENZE MEDIUM,54
2140,DE SUPERFICIES OUST,54
2141,BOTAS ANTIDESLIZANTES,54
2142,DOBLADA EN Z 2HX150U,54
2143,EN SPRAY UN LITRO CON ATOMIZADOR,54
2144,OUST ELIMINA VIRUS Y HONGOS,54
2145,DE EXAMINACION CON LANOLINA VERDES SMALL,54
2146,BASIC A3.5,54
2147,ROLLO 20*100,54
2148,ANTISEPTICO BUCOFARINGEO SOBRE,54
2149,BASIC A4,54
2150,BASIC C2,54
2151,CUATERNARIO CON AROMA,54
2152,DE EXAMINACION MENTOLADOS SMALL,54
2153,KN95 BLANCAS,54
2155,SACHET ANTIBACTERIAL 1000 ML VARIAS FRAGANCIAS,54
2156,VERDES PARA DOCTORES,54
2157,20*100 (grandes) unidades,54
2158,DE SEGURIDAD PROTECCION COVID,54
2159,DTE TRONCOCONICA 10398 (198) 850 FG 023,54
2160,DTE CONICA 10362 (165) 858 FG010,54
2161,DTE CILINDRICA GRUESA 10407 (111) 837L FG010,54
2162,DTE PUNTA LAPIZ 10383 (167) 859L FG014,54
2163,DTE TRONCOCONICA 10450  (198)  850 FG012,54
2164,DTE CILINCRICA 10359(141) 881 FG 012,54
2165,DTE 838-012M,54
2166,DTE W801-016M,54
2167,ZEKRYA,54
2168,PERMAFLO PINK 1.2ML,54
2169,PARA GLUCOSA TEST STRIPS,54
2170,TWIST -TOP,54
2171,YOGHURT Y ARANDANOS PH5 GLICERINA,54
2172,SILICONA DE CONDENSACION SILAXIL,54
2173,FORMA A1 DENTINA,54
2174,RESINA FORMA A1 ESMALTE,54
2175,RESINA FORMA A2 ESMALTE,54
2176,FORMA A2 DENTINA,54
2177,FORMA BW DENTINA,54
2178,FORMA BW ESMALTE,54
2179,HP10 REDONDA CARBURO,54
2180,DTE G2 BALON FOOTBALL 368-021M,54
2181,DTE REDONDA GRANDE 1014,54
2182,ESPIRAS ABIERTAS BARRAS,54
2183,PARA TENSIOMETRO MEDIANO,54
2184,DESINFECTANTES MULTIUSO,54
2185,RAID MOSQUITOS Y MOSCAS,54
2186,801-018M,54
2187,45-80 -21mm,54
2188,45-80-25mm,54
2189,K1005,54
2190,DE CARBURO LLAMA K1001,54
2191,ACELLULAR DERMAL MATRIX 1CMX1CM,54
2192,SUPERPOST LIGHT CORE 1-2-3,54
2193,ESPONJA HEMOCOLAGEN x 12 UNI,54
2194,MEZCLADORA AZUL PARA PROTEMP,54
2195,DOBLE 0.22 CONV ROTH SUP IZQUIERDO,54
2196,DOBLE 0.22 CONV ROTH SUP DERECHO,54
2197,DOBLE 0.22 CONV ROTH INF DERECHO,54
2198,DOBLE 0.22 CONV ROTH INF IZQUIERDO,54
2199,STETIC UNITEK GEMINI CL # 11,54
2200,STETIC UNITEK GEMINI CL # 12,54
2201,STETIC UNITEK GEMINI CL # 13,54
2202,STETIC UNITEK GEMINI CL # 21,54
2203,STETIC UNITEK GEMINI CL # 22,54
2204,STETIC UNITEK GEMINI CL # 23,54
2205,SZ CAVITY BASE LININ LC/ JERINGA 1ML,54
2206,OBTUR TEMPORAL CAVIT 25G,54
2207,INTEROSS 0.5G,54
2208,CITAGENIX 15X20,54
2210,EL SECRETO DE LA ABUELA,54
2211,SMART A3,54
2212,SMART A2O,54
2213,SMART A30,54
2214,DTE TRONCOCONICA FINA PTA CHARA 4070,54
2215,DTE G2 TRONCO PUNTA LAPIZ X-FINA 859-010M,54
2216,EXPRESS STD PUTTY,54
2217,EXPRESS ESPE LIVIANO,54
2218,MEZCLADORA AMARILLA PARA MATERIAL DE IMPRESION,54
2219,KINGSTON DXT 64GB USB,54
2220,DIAMANTE TRONCO PTA CHATA 4071,54
2221,VICRYL 4-0/AC POLIGLICOLICO ST-0024,54
2222,PARA CORTADORA # 20,54
2223,POLYGLYCOLIC ACID ABSORBIBLE 4-0 USP,54
2224,TULIP COLOR SWICHT,54
2225,FISIOL DE 60CC,54
2226,EXAMIX NDS INJECTION MINI KIT CARTUCHO LIVIANO,54
2227,DTE CILINDRICA CHATA FG 1091,54
2228,DTE LLAMA FG 3117,54
2229,DTE CONICA EN LLAMA 014FG 2202,54
2230,DTE REDONDA 0.18 1017,54
2231,DTE PARA OPERATORIA 016FG 3195,54
2232,DTE CILINDRICA PUNTA REDONDA FG 1141,54
2233,UNITEK GEMINI METAL MBT 0.22 REF 119-144,54
2234,LINER EVOLUTION  CURING LINING,54
2235,EN Z 175 TOALLAS,54
2236,Z-PRIME PLUS 2ML BTL,54
2237,DTE G2 CONO INV 805-014M,54
2238,NITI AZUL FLAMA MC078CE-060,54
2239,NITI AZUL TRONCO GRUESO MC079CE-060,54
2240,NITI AZUL TRONCO MEDIANO MC079CE-040,54
2241,NITI AZUL CILINDRO HF295CE-023,54
2242,FRESON CARB CILINDRO GR,54
2243,SURGICRYL  910 4/0 AGUJA 1/2 CIR RED 26MM,54
2244,#2 --28mm,54
2245,#3--28mm,54
2246,"SYNERGY RELLENO GRANULOS 1,00FINO",54
2247,DE ACRILICO TRANSPARENTE CON GAFAS,54
2248,DTE RD CUELLOLARGO 697 801L FG012,54
2249,DTE RD CUELLOLARGO 697 801L FG014,54
2250,DTE RD CUELLOLARGO 697 801L FG016,54
2251,OXIDISED REGENERATED CELLULOSE 5x7.5 GOLD,54
2252,USP 4-0 / EP2 REGULAR TAPER POINT REF R2614-75 1/2,54
2253,BALON FOOTBALL GWZ 379-023 ZIRCONIO,54
2254,DESECHABLES (10 UNID) VARIOS COLORES,54
2255,RECIBO DE DINERO EN EFC. DRA SANDRA ARROBO,54
2256,ARTICAINA ANESTESICO AL 4%,54
2257,TETRIC N -CERAM A1,54
2258,TETRIC N-CERAM A2,54
2259,TETRIC N-CERAM A3,54
2260,PLASTICA 1D SUPERIOR,54
2261,PLASTICA 20D INFERIOR,54
2262,PLASTICAS 4D SUPERIOR,54
2263,PLASTICA 21D INFERIOR,54
2264,PLASTICA 32 D LATERAL ANTERIOR,54
2265,TOMA DE IMPRESION CA AVANTGARD RP LARGA +,54
2266,REPLICA AVANTGARD PS,54
2267,AVANTGARD PS VARIAS MEDIDAS,54
2268,CALCINABLE CHC CONBASE DE CROMO/COBALTO ANTI-ROTAC,54
2269,INTEROSS 0.25 GRAMOS,54
2270,DTE RUEDA 4142,54
2271,ADULTO AZUL,54
2272,INFANTE AZUL,54
2273,DTE CONO INV 805-014 M,54
2274,POLVO ROSADO VR1,54
2275,POLVO ROSADO 3X,54
2276,CUBETA,54
2277,BOLA PS,54
2278,DTE G2 CILINDRO PEQ CHATA W835-012M,54
2279,TAMAÑO A4 (50 UNIDADES),54
2280,#20-25-30-35-40-45 DE .06,54
2281,SPIRAL VARIAS MEDIDAS,54
2282,INTERCOLLAGEN 15*20,54
2283,INTERCOLLAGEN 20*30,54
2284,ENERGEL BLUE,54
2285,ENERGEL NEGRO,54
2286,ENERGEL VIOLETA,54
2287,ENERGEL ROSADO,54
2288,ELIMINA SARRO,54
2289,PERA FG 1147,54
2290,DE CIRUGIA FG 41.002.OS700,54
2291,CILINDRICA PUNTA REDONDA FG 1024,54
2292,DTE CONICA FG 4200,54
2293,CILINDRICA PTA REDONDA 1190,54
2295,MAGICA,54
2296,CONICA DIAMANTE FG 4136,54
2297,XENOGRAFT INTEROSS 1.00 GR,54
2298,RECTO PROVISIONAL TITANIO CHC,54
2299,SEPTODON KROBALTO,54
2300,DE CARBURO PERA,54
2301,DE CARBURO FINA,54
2302,PARA IMPRESORA EPSON NEGRA,54
2303,AMPOLLAS DE 4MG,54
2304,JELTRATE PLUS 454G,54
2305,METALICA 30 HOJAS,54
2306,FRAGUADO RAPIDO,54
2307,CrCo RP NROT FRONTIER,54
2308,NICE VARIOS,54
2309,AVANTGARD PEAK RP,54
2310,CLORURO DE SODIO 500ML,54
2311,ESTERILLIZADA POR UNIDAD,54
2312,ESTERILIZADOS SIZE 7,54
2313,COLGATE PLAX 500ML,54
2314,COLGATE PLAX 250 ML,54
2315,TITANIO FRONTIER,54
2316,TITANIO PS AR PC,54
2317,GRANDE Dx2,54
2318,USO DOMESTICO 9,54
2319,"SYNERGY RELLENO GRANULO GRUESO 1,00gr",54
2320,CALCINABLE PLAST CYLINDER INT HEX SP,54
2321,PARA CUBETA ABIERTA HEX INTER CONCAVO,54
2322,DEL IMPLANTE INTERNAL HEX,54
2323,SILICONA KROMOPAN SIL A-SILICONE LIGHT BODY 2X50ML,54
2324,NR 20 GT 0.06,54
2325,PARA IMPRESORA EPSON AZUL,54
2326,SZ PERFECT LIGHT 2 CARTUCHOS DE 50ML LIVIANO,54
2327,DE SUCCION DE ALTA,54
2328,DESINFECTANTE DE AMBIENTES Y SUPERFICIES 4 EN 1,54
2329,SPRAY TRANSPARENTE 500ML,54
2330,INTERUPTORA GNATUS MARIPOSA,54
2331,PROTEMP 4 A2,54
2332,DE CARBURO BALA K1004,54
2333,DE CARBURO FINO KA1008,54
2334,3N 69 S,54
2335,3N 77S,54
2336,3N A1S,54
2337,3N A2S,54
2339,3N A3S,54
2340,3N A4S,54
2341,3N 65S,54
2342,SILICONA KROMOPAN SIL A-SILICONE PUTTY 2X50ML,54
2343,AUXILIARES GENESIS QUISHPE,54
2344,AUXILIARES ESTEFANIA DEL POZO,54
2345,LISO MAGIC DENT X (1000U),54
2346,LIQUIDO 500ML,54
2347,AUXILIARES LISEHT TROYA,54
2348,AUXILIARES MARTHA MIRANDA,54
2349,AUXILIARES CONIE PISCO,54
2350,AUXILIARES DOMENICA TUAREZ,54
2351,BLANCO DRA. HELEN VEAS,54
2352,BLANCO DRA ELENA TAPIA,54
2353,- FRESA TRANSMETAL PREDATOR HIBRIDO TRDX,54
2354,- FRESA TRANSMETAL PREDATOR TR1557T,54
2355,DE 270 ML CON APARATO AUTOMATICO Y 2 PILAS,54
2356,COFIA SUAVE COLOR ROSA,54
2357,SZ PERFEKT PUTTY 262ML+262ML,54
2358,ORTHOCEM KIT P/ PEGAR BRACKETS,54
2359,QUIRURGICAS CELESTES CON ELASTICO,54
2360,QUIRURGICAS AZUL CON ELASTICO,54
2361,HYDROGUM 5 EXTRAFAST SETTING 453 G,54
2362,ESPONJA SMI-SPON X 32 PCS,54
2363,DIAMANTE RDA X-PEQUEÑA 1010,54
2364,DOBLE PUNTA ROJO,54
2365,PAD ERGONOMICO DE GEL,54
2366,REFRIGERANT SPRAY,54
2367,AZUL PUNTA FINA,54
2368,CURVA REVERSA 17*25 SUPERIOR,54
2369,CURVA REVERSA 17*25 INFERIOR,54
2370,NR.25 GT 0.06,54
2373,DE PULIDO (100 UNIDADES),54
2374,PLASTICA CON TAPA,54
2376,REGULAR BODY  X 1 CARTUCHO DE 50ML,54
2377,PARA TANQUE DE 1000ML,54
2378,DE VIDRIO,54
2379,LINEAS GRANDE 100H,54
2380,BOND 115G,54
2381,PAPEL,54
2382,MACHO/HEMBRA PARA CAVITRON,54
2383,HUONS CLORHIDRATO DE LIDOCAINA 2% CON EPINEFRINA I,54
2384,CORAL MATERIAL DE IMPRESION 454G,54
2385,EXTRA RESISTENTE SUPER INDUSTRIAL 89cm x 120cm (10,54
2387,600 PCS,54
2388,NEGRO PUNTA FINA,54
2389,DESECHABLES CELESTES,54
2390,DE VIDRIO FUJI 9 MINI VERDE,54
2391,37% 2.5ML,54
2392,CONSTRUCTION 50 M/L-BISACRYL DUAL A2,54
2393,MINI KIT 3G,54
2394,X1000,54
2395,ROLLOS 20CM*200M,54
2396,PULIR ACRILICO VARIADAS,54
2397,EN LAPIZ VERDE,54
2398,PARA PEGAR BRACKETS ORTHOCEM,54
2399,240ML,54
2402,SUPER REFORZADAS NEGRAS 23*28 (20 UNIDADES),54
2403,PARA IMPRESORA EPSON MAGENTA,54
2404,PARA IMPRESORA EPSON YELLOW,54
2405,CARB HP-702 TRONCO MED 310075,54
2406,PRO-SALUD,54
2407,ENDODONCIA CON RAIZ #24,54
2408,ENDODONCIA CON RAIZ #11,54
2409,ENDODONCIA CON RAIZ #34,54
2410,ENDODONCIA CON RAIZ #44,54
2412,PREMIUM HOGAR DANY,54
2415,ELITE HD+ LIVIANO (2 CARTUCHOS),54
2416,ELITE HD+ REGULAR (2 CARTUCHOS),54
2417,PARA CUBETAS,54
2418,OMNI-MATRIX,54
2419,DYMACRIL AUTO ROSADO JASPEADO X 450 GR,54
2420,PARA ACRILICOS PORCION,54
2421,ESTERILIZADOS SIZE 7,54
2422,GEL 200ML TUTTI-FRUTTI,54
2423,HEMOFAR 7ML,54
